order_id,product_id,quantity,subtotal
1597,10,2,5807.51
1302,79,1,4815.6
802,93,5,8601.99
975,34,4,4599.25
332,27,5,3960.75
812,97,3,6691.88
416,3,1,2076.69
1296,44,4,647.29
1252,94,5,1969.59
1714,34,2,3362.87
589,22,5,2437.92
1708,64,3,8390.1
1441,98,5,2599.25
14,90,1,7958.99
1112,96,3,2101.64
1438,74,1,7198.17
1627,78,3,2802.94
380,76,1,9451.03
1249,70,2,7188.15
680,28,5,2134.5
1885,27,3,2304.65
362,28,5,7158.67
462,86,5,7882.93
682,58,3,7374.44
1429,46,5,8989.28
444,97,1,6844.93
1259,93,1,439.69
1371,90,2,2536.0
775,29,2,980.22
392,49,4,2693.55
1380,36,3,2013.11
1906,20,1,4794.91
377,20,4,3537.58
1898,59,2,9598.6
48,18,2,1285.85
1288,23,2,1688.12
881,76,2,9143.53
601,40,5,3535.19
1686,87,3,3124.43
820,12,5,7941.1
46,56,5,9658.77
216,44,2,6113.83
404,95,1,1519.01
1493,75,1,7474.41
1746,34,1,4670.83
1477,48,1,6586.17
417,32,2,4549.94
1824,62,4,8874.49
370,1,4,6478.68
713,57,4,189.85
1509,39,2,2541.56
1873,29,1,3831.95
1989,14,3,4516.77
806,45,4,4504.04
1509,49,1,6893.58
60,37,5,7271.32
1015,58,4,2895.71
1145,68,1,6180.35
155,74,2,6975.03
84,59,1,205.47
1174,80,4,4953.68
187,75,5,1230.45
1532,1,1,2429.62
1699,13,2,5014.36
1399,53,4,5600.21
328,50,5,4122.7
86,21,3,1940.82
1238,87,2,3392.22
194,46,1,4400.68
1273,27,3,2272.26
617,84,5,6569.93
704,35,4,4203.11
1028,79,5,414.96
1003,77,1,2323.31
59,83,1,7365.68
384,19,1,6111.07
138,75,4,5140.21
1954,24,2,2747.56
1468,47,4,5343.05
457,29,2,7314.27
552,18,4,3345.36
1452,6,3,5884.0
823,10,3,1964.89
1640,76,5,6556.32
4,45,5,4134.18
1807,48,1,1870.46
196,72,4,8200.43
692,20,2,7105.81
532,38,1,7810.68
1397,69,1,4135.6
1410,54,3,4584.39
1569,3,3,3086.42
1830,72,1,800.27
1555,75,1,955.51
1301,100,5,6590.66
1312,58,2,9714.64
1706,50,4,943.17
852,89,1,8795.08
710,46,4,7868.94
49,4,1,7919.2
1635,43,1,8931.41
995,64,5,7570.92
899,68,5,1687.03
1359,92,5,8680.94
493,26,5,3785.21
1900,97,1,6077.9
340,85,4,1535.29
1334,38,3,7348.32
1981,83,3,9369.56
140,57,2,8910.66
1967,78,4,939.61
1508,95,5,6819.57
837,64,4,1136.83
1483,34,2,6231.0
1381,33,3,3651.28
580,57,5,7287.0
358,99,5,4090.74
1946,44,1,7687.8
836,40,2,5729.43
1032,35,4,2317.36
1543,31,1,3719.63
642,7,4,1975.64
1982,82,2,1015.24
1236,71,5,1025.41
1790,51,3,9751.39
1683,28,1,749.97
1795,12,2,2279.53
1884,53,1,4170.42
743,79,1,7184.38
529,81,1,2546.15
172,72,1,2714.9
893,2,2,8449.47
330,33,1,8177.45
380,35,4,1423.34
1779,16,2,7860.01
1566,62,2,343.11
405,95,5,1017.87
1819,23,2,4366.22
449,38,1,300.78
1509,71,3,8710.47
1019,90,2,9487.43
1773,35,4,6924.41
1279,65,1,5169.86
1616,91,5,9204.56
615,23,3,9477.64
771,3,4,1488.62
1671,14,4,2096.96
121,93,4,4134.91
1865,47,3,5668.48
964,49,3,831.86
502,61,3,9351.9
228,60,2,4542.75
751,19,3,3634.98
211,26,3,1611.77
1470,94,2,4038.7
1785,80,3,5752.3
1179,28,4,7005.54
1412,31,4,2499.36
300,69,3,8082.57
481,4,3,9153.51
1148,16,4,9507.7
925,64,3,7401.83
1605,81,3,8206.02
957,69,2,3333.28
135,97,3,2563.93
490,68,4,4919.41
535,44,3,1996.95
745,22,3,7228.16
609,29,3,132.03
1510,43,1,3366.66
334,38,2,3609.27
1872,55,3,3085.7
668,72,2,8457.91
617,6,3,4522.29
1104,66,2,2791.31
836,79,5,9858.93
212,36,5,7236.27
1412,60,5,5758.03
1168,69,5,708.62
350,7,4,3881.96
1350,83,4,8495.74
389,70,4,7738.46
1386,60,5,9324.58
1552,69,3,674.82
1848,71,2,6283.61
1264,84,4,5212.58
1392,82,3,3169.93
1774,44,3,7017.51
456,4,5,3059.99
597,9,3,8980.08
453,15,1,6975.8
1433,4,4,8922.82
609,56,5,5277.02
1236,24,5,8155.06
923,47,3,5008.86
1556,93,4,2094.99
419,22,1,8740.93
763,46,2,5376.29
298,62,4,9939.46
1185,52,4,1101.88
784,92,2,5919.79
1794,10,2,1003.73
1785,21,4,1366.72
1700,82,4,5525.75
822,10,4,2056.78
418,57,1,5282.64
789,68,3,6345.5
732,98,1,9508.49
597,10,5,3944.85
374,61,3,4479.42
1292,4,4,7502.64
869,25,5,4356.41
174,49,2,7702.14
1200,27,5,2365.7
735,57,4,5150.9
1588,17,1,4026.5
1354,38,5,3640.05
1078,46,1,3651.62
1751,66,2,1301.66
947,24,5,4716.33
696,83,5,2293.0
1037,39,5,9537.26
1115,2,4,9091.02
188,61,4,5024.02
350,4,2,1194.1
420,68,3,7787.46
1792,88,4,7465.18
586,99,3,2216.49
1544,28,5,9766.6
1030,68,2,1101.45
1663,6,5,6473.26
449,23,5,132.59
411,75,2,8408.28
1951,42,2,613.56
698,36,4,4520.27
1195,53,1,8059.26
1016,22,3,8945.42
1265,32,5,6848.65
1209,12,3,4673.85
828,69,4,1785.14
431,18,5,6167.62
131,26,3,7436.86
688,41,2,7006.25
1867,68,3,1945.34
1759,86,3,7185.77
1530,94,1,1726.03
783,59,5,4008.61
556,4,1,8242.16
1629,42,3,3773.01
348,45,4,3554.11
1650,12,4,6673.96
38,26,1,6435.2
905,25,2,1467.79
589,11,1,1543.84
1435,9,5,6496.1
474,85,1,7516.26
910,92,3,8177.34
772,52,2,7351.09
1599,40,4,1756.77
83,89,1,2180.79
1177,30,2,5503.28
1345,27,5,2025.95
860,36,2,7405.75
1182,75,5,9780.87
1695,37,1,6618.87
1950,26,5,6931.57
1247,4,2,318.67
526,27,3,2290.77
1501,63,2,9530.16
260,10,2,7174.64
199,11,3,9964.6
382,64,4,4831.98
742,1,4,1377.63
367,59,2,1519.13
687,40,5,3020.32
300,39,4,7429.38
1146,18,1,9732.79
1863,14,2,9351.11
239,48,5,7195.63
1249,43,3,5402.31
1769,89,1,470.59
1472,65,5,7030.16
199,66,4,4177.33
65,71,3,686.66
274,68,5,4843.63
1505,22,4,2026.67
1286,18,2,7814.28
303,75,2,8668.64
654,20,2,6485.58
581,11,5,9286.09
323,65,2,6295.86
919,78,5,1961.99
1858,54,1,6459.79
1546,46,2,525.11
1632,71,3,7781.95
1925,11,2,8586.58
1649,12,5,1818.91
686,77,4,3938.82
1290,44,5,5567.0
7,18,4,9434.96
224,44,4,7493.07
685,49,2,9405.33
843,51,1,9388.93
205,26,2,5799.48
1935,33,2,4087.52
1604,82,4,4288.13
994,95,3,2040.78
1566,64,1,5826.5
1314,69,2,8622.96
968,78,4,6251.97
1710,80,4,3520.65
258,75,3,2634.2
1854,57,2,8276.53
1338,37,5,590.15
962,82,3,4575.23
1653,11,4,451.76
1070,73,4,5906.84
1849,66,1,7724.39
444,80,2,5511.81
885,29,1,681.73
1496,89,2,3512.98
47,32,2,6425.4
257,28,5,2178.21
747,87,4,3330.35
86,74,1,8830.87
1671,13,4,9925.15
125,18,4,7615.92
758,75,3,9034.52
508,24,1,6816.72
110,93,4,2180.04
190,11,1,2497.49
337,93,2,6245.24
1274,31,5,6319.12
332,11,4,1274.32
1842,83,4,1655.73
272,75,5,4353.42
1784,78,4,1270.49
722,88,5,1004.14
1022,72,4,312.34
164,94,5,7322.24
146,63,3,7686.71
1483,62,2,8302.44
324,58,2,6361.42
1632,68,2,9810.74
471,94,2,8669.77
484,97,5,8015.93
356,32,1,8783.57
1752,43,4,8669.13
15,29,5,9064.24
1840,85,1,3648.23
1837,95,5,1691.86
1143,33,3,6079.23
1130,27,5,6232.47
1747,61,2,9257.32
370,85,4,3336.6
1231,8,1,3014.08
1586,78,3,6280.94
116,86,1,9334.57
615,27,2,9674.04
841,83,4,7133.77
252,54,5,2308.2
616,99,3,7116.29
1371,61,5,2064.0
445,93,5,2969.74
482,20,5,7049.81
1190,98,2,3954.63
187,31,3,3058.54
434,95,4,7410.54
346,79,2,6956.58
414,30,5,2655.67
99,31,4,1985.96
918,81,2,9679.45
1630,14,3,6984.94
1955,8,3,5961.63
1976,17,4,9208.05
1494,58,4,5706.21
338,60,3,7975.73
1571,93,3,9480.25
799,77,3,5405.27
932,30,1,5791.03
1053,1,5,2384.86
1116,10,5,4662.57
1884,62,5,5622.25
313,82,3,5534.03
1117,9,3,1700.86
1441,70,4,7558.27
990,80,3,5885.85
1381,20,1,3984.36
1238,45,3,9240.85
897,17,1,1328.06
1494,63,3,311.98
78,59,4,2054.41
1261,1,4,8935.64
172,88,2,4379.01
371,9,2,3731.39
1322,95,2,2452.6
1349,26,3,4745.87
115,12,5,9550.65
1021,65,1,411.06
1308,9,3,1945.98
1073,74,4,8534.0
1094,24,1,9654.65
1700,36,4,1456.14
708,7,5,220.42
213,62,2,7014.24
1455,51,2,6097.8
1874,53,1,9580.05
58,61,3,6737.4
652,18,1,2751.85
132,94,4,5381.95
1827,84,1,9523.63
949,5,2,7971.51
853,44,5,6020.64
714,76,2,9612.1
1453,75,2,8760.32
393,61,1,2252.66
1405,25,4,8974.98
1549,100,5,7088.89
871,3,1,8428.92
1339,76,5,9901.7
725,21,2,7959.58
967,50,2,4997.21
214,15,5,6262.96
1784,75,3,4170.46
1188,45,4,7623.22
1095,26,3,5920.76
287,73,3,2520.96
29,77,4,7790.36
621,12,3,5556.66
176,89,2,4830.72
514,61,3,3697.39
660,57,1,4958.71
1854,72,1,1395.21
681,82,4,1764.58
1447,36,2,2653.88
393,73,3,2237.57
1005,60,2,1793.14
251,29,4,1669.36
1236,17,5,541.98
339,90,5,8770.49
1614,78,4,8625.05
488,37,3,4706.5
944,82,2,1055.91
470,90,2,7023.78
559,28,4,8222.41
88,77,1,3749.71
354,76,2,2414.26
1503,72,5,741.72
1035,57,3,6772.4
1011,52,4,6366.4
1559,5,1,9197.48
447,16,3,9714.43
1639,28,5,827.66
1373,19,2,8829.79
385,95,5,9916.04
833,31,1,4197.49
1771,62,1,1669.14
368,67,4,5906.63
332,92,3,9723.99
1280,85,5,3399.0
635,50,5,7895.11
1211,21,2,372.13
1236,52,1,3372.3
1033,4,1,3807.46
237,48,4,3314.65
257,12,5,7940.12
1214,90,5,5301.77
635,4,5,9082.18
1535,21,2,3286.98
130,41,3,3641.78
1982,8,1,6059.59
1404,71,3,3647.02
1244,64,2,7933.74
1491,29,5,8487.5
73,15,2,2088.93
983,29,1,2795.93
1605,86,5,4193.79
1623,50,2,5292.16
1024,71,4,8506.66
150,28,3,7732.67
1767,88,4,6596.51
553,19,1,8862.64
88,83,1,6613.1
70,81,4,6005.32
278,21,1,5787.62
531,1,2,8430.51
162,79,1,1584.91
546,48,5,1230.09
233,11,4,151.44
666,45,1,6312.27
1442,82,3,2660.32
1500,48,5,9313.39
722,81,2,7928.2
928,84,4,5712.12
1484,95,5,3279.55
18,46,2,3664.81
1997,16,4,6457.21
647,95,5,7328.05
742,29,1,7186.76
1009,97,4,2472.67
363,84,2,6516.35
1152,41,3,6136.81
1617,44,4,1003.27
334,11,2,9559.13
1598,11,5,353.86
1539,86,1,7266.62
1165,72,4,595.64
112,18,4,476.84
1927,38,2,4414.96
1337,61,3,9892.55
234,22,4,1267.51
1895,15,2,7286.38
478,22,1,8126.96
461,49,3,9369.33
1957,63,3,4919.35
360,18,1,7405.99
163,27,3,1268.65
476,58,5,9102.82
1996,91,1,6123.71
1126,73,2,5301.8
762,30,1,480.74
1094,72,5,1747.54
1783,2,4,5211.07
479,50,1,1935.34
1489,62,3,6133.17
1754,86,4,850.97
335,88,1,9393.92
1,83,3,2090.68
1827,75,5,8149.09
1397,22,3,3176.91
270,69,5,9921.52
1514,16,1,6758.5
488,54,4,6150.18
61,44,1,4455.02
1326,73,2,3240.18
623,72,1,6147.34
34,72,2,6868.73
1682,28,4,5591.77
1234,74,1,3844.04
1532,12,5,3889.63
919,29,3,168.17
1805,29,4,4730.73
249,7,4,810.36
1089,60,4,8441.16
968,70,5,3348.1
1260,51,4,7036.95
606,80,5,4323.13
695,70,4,2246.68
45,51,4,7853.15
1514,57,5,9682.91
1579,58,3,4156.9
957,77,4,6451.65
458,63,3,8883.56
279,31,2,7574.78
1464,69,4,2177.55
231,81,4,131.05
744,79,4,5592.47
1502,42,2,7767.87
374,86,3,8305.22
188,25,2,3467.04
440,20,5,8930.18
997,11,4,3863.82
934,98,5,5859.54
438,12,1,6628.64
182,51,3,4401.84
1966,39,5,6953.51
460,30,1,5214.32
1768,8,4,1173.92
681,31,2,7813.61
148,23,1,4925.25
1334,79,1,6075.26
1782,58,3,3907.46
226,29,3,2108.67
1230,81,2,7959.99
719,73,4,5803.14
512,7,4,5314.65
1123,58,1,2598.3
695,92,4,7330.25
967,26,4,8499.8
599,42,4,3602.85
1227,40,2,2989.1
404,34,1,7577.95
681,88,2,3958.83
440,91,2,894.27
1682,3,1,448.01
1120,33,3,7092.59
1151,81,1,1258.6
485,86,1,821.93
3,4,2,4651.95
399,66,3,5177.06
1741,74,2,3462.34
456,62,4,4558.54
1370,35,4,7041.29
48,28,2,6859.64
338,87,4,5345.97
458,39,1,2510.64
400,66,2,4733.25
880,94,4,3451.11
1774,31,1,1119.3
1850,26,3,1594.24
1085,87,4,6678.58
614,73,5,6922.13
787,74,2,2952.3
68,75,3,5542.86
1313,78,2,2070.23
1960,56,1,1653.65
889,30,2,9737.78
1672,90,2,1507.51
668,14,2,789.13
700,24,1,7463.03
542,70,2,9858.0
1899,42,4,8945.03
128,67,3,6988.27
1054,14,3,8668.86
1106,54,2,809.49
1804,58,5,3299.73
1554,43,4,5305.3
1363,88,3,6331.43
100,85,2,1632.5
1147,1,4,2439.61
1680,46,4,1283.3
1382,45,4,6854.21
376,59,3,5937.01
690,3,2,9387.47
160,51,2,5194.46
1884,40,1,8361.3
1020,69,1,9452.18
249,92,3,6962.34
1684,80,2,2934.57
1781,88,2,5137.05
1095,94,2,2123.56
1232,9,3,3337.03
1747,13,4,5555.24
1634,46,5,9920.73
1678,83,5,1838.73
885,9,4,7381.18
26,76,1,2654.91
461,56,3,2242.45
468,69,4,7231.02
708,49,4,2419.65
1799,96,2,3672.05
1813,79,5,2662.0
343,50,1,146.42
695,45,1,6805.66
82,53,4,4632.6
929,48,1,6118.33
1053,38,3,3352.32
306,71,1,2375.03
842,38,4,9757.63
901,23,5,3404.99
876,27,5,4512.18
538,7,1,8617.13
1520,3,3,6316.77
1274,45,3,6513.94
318,51,5,1909.63
1713,18,5,1590.8
1847,70,2,2877.04
1649,73,2,3798.98
1446,57,5,8595.34
53,8,4,8433.44
826,62,2,6883.93
457,46,1,1067.55
1059,78,3,8681.69
1407,13,1,9983.93
805,44,4,7680.34
771,8,5,6939.8
680,39,1,5557.92
46,39,4,4117.81
245,18,3,9338.58
1421,2,5,4638.03
1073,71,1,536.72
1832,66,3,2288.38
1764,44,1,2388.61
922,38,2,4941.49
1667,31,2,4184.76
265,82,3,7460.15
887,85,5,2871.12
1727,95,5,5648.22
1132,21,1,9640.35
1569,3,1,6832.11
1487,31,2,8982.3
1605,96,5,9097.51
1186,71,1,9787.57
1005,26,2,5200.55
1405,93,4,4662.22
1495,67,2,8911.64
902,32,1,8282.36
1146,79,4,6208.5
1085,83,3,5569.79
1563,90,4,5878.64
1552,20,5,949.56
1809,85,5,6654.1
1759,7,2,2765.15
1418,79,3,3428.78
46,64,4,4710.09
451,59,2,9389.69
428,93,1,4950.53
1885,53,4,8709.39
801,71,1,139.15
937,46,1,1182.8
1305,28,3,3678.14
1333,44,2,2833.02
1818,81,2,7915.01
567,66,3,9691.61
1450,22,4,9943.71
395,40,2,4214.11
799,83,5,4221.46
1259,91,3,2233.35
1167,72,5,1959.38
945,57,2,2694.8
1436,27,4,3029.11
537,9,5,582.24
975,33,3,3816.52
1839,4,3,588.15
19,13,2,8381.41
1688,85,2,3184.34
1224,68,2,3133.77
1421,63,4,8743.25
326,97,4,7266.11
253,90,1,4425.03
1558,89,2,4150.98
1074,91,3,9516.79
330,80,1,9194.98
110,4,2,3769.35
657,64,2,6075.66
1336,5,5,7040.42
1944,24,4,6165.57
878,70,3,1057.77
618,53,4,5157.91
519,82,4,2314.09
673,60,1,2646.64
1125,96,5,175.26
757,30,4,1040.03
523,83,3,9483.62
1557,89,2,128.32
1977,56,5,3319.61
449,5,1,2699.41
1521,78,4,1222.12
1684,23,3,3216.7
21,72,5,2393.7
1369,21,3,1464.58
1993,75,2,7724.49
233,93,3,8686.66
1373,86,2,196.72
104,43,1,9754.38
1040,97,2,2048.17
22,75,1,6806.45
588,3,2,4028.01
23,90,1,5392.14
1700,91,1,813.89
1307,85,1,7408.75
892,58,5,4978.35
1569,44,3,2963.25
1300,88,2,9786.17
120,36,2,2333.81
1106,74,3,4497.26
1985,62,3,7699.85
1304,33,4,2841.98
837,3,2,7832.24
1420,2,3,8711.26
1113,4,3,373.03
9,85,4,9707.78
1265,15,5,7957.45
955,65,5,4426.05
1978,76,4,4663.7
1950,95,5,6575.53
491,23,1,7131.76
649,66,5,8339.81
1992,98,4,6821.79
250,23,5,3741.93
287,81,1,8100.89
1268,80,3,5024.43
959,43,3,2296.4
1188,48,3,4949.18
744,57,3,9739.21
799,93,4,9648.4
271,44,3,8911.8
1601,11,1,3327.55
448,5,1,1485.6
907,47,2,6938.55
1726,75,4,8075.49
798,24,5,3525.77
773,86,5,9758.21
1225,34,5,4532.22
806,48,4,4054.68
892,9,3,6320.77
1572,28,3,6807.69
1745,7,5,1778.47
1424,7,2,2284.82
776,59,1,4741.54
49,45,3,6936.72
1716,59,1,4420.82
937,94,4,5424.64
290,85,1,4991.91
318,92,2,2326.6
558,63,4,4670.23
1978,87,1,5212.58
1680,56,1,193.91
1775,42,5,6985.76
317,72,5,3883.38
542,83,5,8021.37
1862,72,1,2352.44
1403,85,2,105.03
1451,23,3,1297.31
468,12,1,5834.11
1727,32,2,669.27
1396,23,4,4493.03
1025,6,4,3059.13
1930,77,5,5319.96
574,79,1,4329.04
1685,100,1,9353.82
632,60,3,8389.19
1541,51,4,4697.17
63,71,4,7040.74
995,75,1,7724.52
810,78,1,5654.24
326,14,4,2299.95
957,72,2,4564.35
1350,79,4,9269.61
1205,16,4,3007.66
315,81,5,7517.87
1598,56,2,5721.9
1536,38,1,188.16
1476,43,5,1379.16
1560,85,4,5781.41
1991,29,2,3002.29
1574,17,4,2369.74
764,19,2,3547.62
227,74,5,6504.33
1704,48,2,9041.36
1706,71,5,1229.84
1750,18,1,5235.39
473,5,5,5298.0
539,32,5,6424.15
881,88,4,4635.45
1352,48,3,1306.46
1134,13,3,2005.48
714,45,2,7134.9
248,21,4,9834.28
1150,69,5,9191.8
229,42,2,7688.91
178,36,1,3646.96
913,92,5,8311.57
259,55,3,4484.9
1746,44,4,4440.23
281,90,4,7916.88
372,81,4,7821.96
1762,36,2,8318.82
430,38,5,4842.17
1602,35,3,6428.73
287,68,3,9828.65
1323,94,1,6955.77
456,41,2,8638.04
1506,26,5,9433.11
1153,75,5,1126.45
1641,65,3,9272.76
1464,46,5,1825.68
1996,10,5,5732.64
1105,12,4,5796.35
1894,87,2,8648.84
1335,32,5,6167.25
1259,58,2,1739.92
1620,100,1,4901.36
737,36,1,6926.22
1849,58,2,9338.07
1769,36,4,8500.45
1525,34,3,8603.03
528,30,4,5997.34
1459,8,2,8695.3
1863,52,1,6577.86
1864,59,2,4416.79
566,2,4,1109.67
1817,11,2,4551.22
165,77,3,2934.75
1620,95,5,8587.71
113,88,4,7946.27
351,9,4,8325.47
1309,18,3,2550.86
1832,5,3,3638.16
1555,29,2,7504.83
1028,75,1,4348.99
1388,62,2,9061.95
992,31,3,3054.48
548,62,2,5340.97
1660,87,5,9926.52
1706,93,5,4627.86
1636,75,3,3701.91
846,57,3,2530.62
1570,5,3,5409.08
1233,32,1,9618.53
33,74,5,961.25
373,53,4,6299.98
1116,48,1,6616.26
1871,61,2,3341.65
1104,93,2,6408.4
310,88,2,7311.84
1004,35,4,1761.15
1623,74,5,6605.07
1970,68,2,6892.73
1531,69,1,2675.29
873,3,2,6848.66
1991,90,1,9987.4
1698,40,3,1566.42
886,52,4,625.69
611,93,4,8181.61
1247,20,2,3279.34
364,18,3,8698.38
1378,100,4,5826.6
692,19,3,5842.94
92,39,2,9696.8
1753,84,2,8908.67
1404,94,5,2992.9
640,87,1,6412.95
1959,89,3,2440.21
891,54,5,2200.09
53,40,3,4986.63
67,14,2,331.57
992,91,5,6632.08
220,8,1,6989.29
98,19,3,6789.1
1909,33,2,4993.17
980,31,2,633.91
1127,24,4,9228.38
1885,27,4,8921.29
509,98,3,9517.16
1744,38,4,8199.73
876,48,1,5934.75
1931,82,2,1102.23
699,17,1,4211.8
1028,76,4,1977.5
409,58,4,5925.42
442,10,1,2053.23
1922,36,3,4016.51
1472,71,2,8584.2
1412,37,2,9432.59
1404,39,2,3251.77
208,28,5,3293.95
1653,51,3,2936.24
1567,11,4,5421.28
1150,51,1,1478.04
1158,76,5,9358.92
1284,38,1,4300.89
27,33,4,8777.81
863,54,2,9121.21
1864,99,2,3275.15
1066,67,4,2026.86
1247,99,1,3188.64
1130,92,1,7003.17
1533,93,1,6511.61
773,88,2,7992.23
845,84,5,530.37
1000,5,5,4103.54
877,92,2,915.54
1309,22,4,7282.38
1469,71,1,1768.78
1520,91,3,7055.78
1917,91,4,9750.64
552,8,5,7796.66
1928,86,5,2311.76
1291,19,2,9219.71
1365,68,2,3122.45
829,23,5,313.18
1431,33,4,4310.53
243,40,5,8531.58
112,92,2,5259.34
1151,78,5,8185.7
665,18,2,2780.28
692,3,4,4117.67
1202,38,1,5617.81
422,76,5,5085.31
1617,77,2,497.06
596,28,2,6874.04
34,48,2,2779.44
764,67,5,9027.9
1345,72,4,8843.96
1390,87,1,4557.04
160,9,1,8907.08
1718,31,5,4040.29
630,84,4,6360.98
583,100,2,5800.89
1015,94,5,5725.43
1593,16,3,484.95
1097,42,5,3165.38
1922,66,1,223.27
738,30,1,1185.93
1,69,2,4126.73
1327,20,3,3087.5
1341,93,3,5369.61
830,83,2,5359.42
1602,86,5,7549.86
52,76,3,7085.26
1272,30,2,9562.75
1357,38,4,9111.31
1904,60,1,8810.68
1,81,4,2392.84
1368,73,3,2802.85
323,88,1,3331.56
1083,30,4,1397.9
1134,13,5,6141.29
772,57,4,1439.1
1183,12,5,6439.45
500,54,4,495.85
1664,1,5,7956.43
29,74,3,200.76
521,8,3,9593.21
1839,54,4,3561.82
850,23,3,4505.88
745,12,3,6939.64
1906,5,4,3668.81
697,95,2,9940.64
1427,18,1,9456.48
1605,36,2,1696.59
1283,79,4,5760.41
1218,86,5,3803.44
67,31,1,1288.8
1518,59,1,8562.19
1867,8,3,8203.68
1190,82,3,8534.54
628,89,2,7728.18
1880,82,3,8074.86
1588,47,3,8992.1
1432,29,4,3206.68
1332,6,4,9266.44
101,90,5,707.66
1915,74,4,1188.65
1448,77,1,9930.97
413,82,5,5153.49
1443,34,1,5101.82
1542,57,4,1672.63
330,63,2,2762.66
1903,13,5,8610.9
1794,7,2,8021.14
742,29,3,1936.49
440,86,2,9077.63
709,97,2,1241.77
1169,42,5,970.49
630,20,3,9601.2
525,24,1,2442.83
1289,91,5,7879.54
880,34,5,997.7
1702,2,4,1495.06
1260,76,3,727.53
1781,13,1,4955.73
108,62,2,1015.8
413,41,1,6428.01
1049,67,3,2980.1
845,40,4,2955.06
1092,71,1,2253.58
404,27,4,3761.38
377,44,5,432.45
612,90,1,4365.7
695,62,5,834.75
27,80,5,1705.9
1916,29,4,319.35
1716,62,2,4942.83
1712,56,4,2788.11
1293,53,4,5236.41
1060,87,5,4228.48
440,100,3,2727.6
975,86,2,3098.28
1419,35,1,276.77
1639,77,1,5988.68
1957,43,1,5397.46
1025,92,5,1134.43
369,87,3,4499.8
204,93,2,4164.6
1126,83,2,8219.63
769,56,5,2586.7
836,28,3,3293.81
1935,52,1,7407.17
1028,15,3,9944.82
1434,23,1,9342.66
1182,100,4,7871.15
1359,97,4,1887.01
114,15,1,6587.8
1704,12,1,8816.79
99,49,4,2322.81
723,50,1,1463.03
996,13,5,9539.75
965,75,1,6718.77
1069,29,2,8630.59
758,44,2,7529.75
1079,85,3,2689.64
680,50,1,8180.58
1381,39,2,8815.76
359,67,3,8864.43
1097,57,5,9415.5
315,59,5,9498.2
1984,14,3,788.27
299,72,5,3809.15
1465,40,1,2593.12
319,46,5,6727.44
250,99,5,5259.59
1708,75,3,4089.82
1685,54,1,4672.41
48,87,1,1551.94
787,77,1,4595.74
568,63,2,3750.82
1079,55,2,7039.5
1447,72,4,2284.16
498,51,5,4872.01
1563,29,1,648.59
685,39,2,6337.72
1434,87,4,8307.14
571,44,4,8756.9
59,54,2,1471.47
1921,100,3,9744.94
1951,54,5,4212.57
1886,55,1,6769.04
1526,38,5,3858.61
1066,26,1,2608.0
1424,61,4,1387.34
1847,5,1,2307.86
1406,78,3,9403.54
500,90,5,985.29
455,58,2,8484.0
591,46,4,2941.62
970,13,1,7669.18
497,42,3,5452.26
445,95,2,9406.89
1418,11,4,4976.99
753,84,3,7529.34
339,7,3,9897.4
783,81,1,2918.4
595,43,5,2209.98
452,74,3,6151.04
568,78,5,2308.59
33,52,3,4277.14
1063,12,5,6513.6
830,7,5,4596.67
866,58,3,8764.87
5,63,2,2070.7
1831,16,5,4876.91
761,60,4,9935.27
1605,78,1,9954.56
708,53,3,2030.73
1825,79,1,6856.38
94,10,4,1384.85
419,5,4,8254.05
839,3,1,444.13
201,46,4,1050.51
1104,78,3,3367.89
1626,58,3,2977.24
296,81,2,2751.42
315,36,3,2034.67
1227,41,4,8919.72
335,75,3,986.17
689,57,2,6069.74
1336,56,2,4746.94
263,71,5,7132.24
499,42,3,5670.3
1946,96,3,5515.01
1775,78,5,1140.6
1289,68,5,7878.04
441,77,4,8249.35
398,84,2,1160.89
548,37,4,2052.51
574,22,3,8621.16
934,69,4,9638.83
532,58,1,5964.6
1366,24,1,222.05
430,91,3,2046.06
1469,97,1,1785.79
1622,41,3,4594.83
1992,96,2,3673.81
802,61,4,5479.52
575,86,4,5691.24
1176,61,4,4519.49
324,26,3,8721.4
643,55,3,9849.36
706,89,1,9336.41
40,46,2,6254.44
819,23,4,6549.43
756,30,5,6970.4
872,96,1,4139.63
1712,6,5,3616.21
1494,29,1,710.79
1400,25,3,2364.5
336,55,5,8813.6
611,65,3,6152.03
335,88,2,2272.68
188,18,1,4715.31
1259,12,3,1982.91
734,73,1,6538.62
1635,95,4,2405.81
1715,67,5,4484.73
1742,64,5,8949.48
543,6,3,846.0
969,50,4,6599.12
1370,88,5,2138.38
8,78,4,8057.03
827,40,1,4955.24
1320,63,5,8939.8
154,92,2,3308.5
1032,26,3,5190.41
1475,71,2,8668.16
1525,47,4,5597.36
662,35,1,511.02
576,54,1,5922.72
842,88,1,7510.53
1377,7,1,9379.96
551,28,2,4707.9
522,30,5,3559.27
321,93,2,1203.86
764,97,4,874.3
1770,32,4,8035.44
1681,24,5,7143.66
55,40,5,6933.2
744,45,3,5869.89
149,3,4,9354.99
1894,38,2,1865.85
865,77,3,382.2
1098,58,5,2062.61
1835,11,2,3018.22
293,2,2,2878.01
1974,18,1,9783.56
256,56,3,7178.61
1632,35,4,3175.49
1200,89,5,4461.84
1860,89,5,9608.03
394,33,4,3329.12
1679,5,1,2796.35
1055,58,5,8224.32
1551,43,1,6182.93
1304,41,3,3264.67
1119,57,2,2902.11
1286,61,3,139.53
523,77,1,763.97
1971,61,4,9421.69
843,99,4,2857.96
641,20,1,5449.12
381,92,2,2355.42
1736,37,5,2766.49
418,6,2,6296.85
1869,100,3,3410.09
1595,54,4,648.07
835,92,1,7886.17
1435,14,3,8194.86
583,28,1,4227.1
1501,96,1,3034.94
1385,73,2,9046.67
1177,74,3,3939.3
1903,41,3,9313.67
893,83,2,7015.92
766,46,5,9510.24
1833,93,5,9062.45
1021,85,4,4590.51
1201,56,5,2203.25
404,48,4,4517.42
911,58,5,5225.56
1673,48,4,421.32
1847,38,1,1630.12
548,78,5,9182.78
322,48,4,5131.81
817,62,1,1242.09
1615,98,4,4198.14
1596,40,1,5656.57
132,53,5,3933.46
548,80,5,4611.94
833,6,4,6070.82
1333,27,2,2873.57
752,78,1,7100.44
1384,67,3,964.07
1034,14,2,9704.55
1499,80,2,4538.67
460,62,1,7741.46
1625,1,2,5114.79
190,69,2,2783.66
474,36,1,4972.15
493,59,2,9513.77
1011,18,2,8118.39
1081,55,1,2133.69
1343,96,4,3594.43
465,18,5,7615.8
946,36,1,6496.31
1890,37,3,9031.19
426,37,1,8736.84
1638,80,1,9511.17
714,43,2,4697.01
1954,4,1,8176.9
1059,71,4,9528.04
959,9,3,6438.18
1721,50,5,4911.65
1405,48,5,5359.52
948,64,4,5881.41
1181,63,1,1100.69
571,58,1,6203.29
241,92,3,2763.67
1864,6,1,8320.15
1946,23,3,9647.46
1355,24,2,3998.25
354,62,5,7679.42
1380,53,2,4384.41
559,8,5,9026.44
1123,2,3,889.39
248,61,4,2254.02
1922,94,1,5807.8
1747,65,3,6385.53
1963,5,4,3208.29
1349,60,2,9574.78
757,88,2,5378.68
227,99,5,6208.06
1205,72,2,7730.4
67,63,2,3165.07
592,2,2,3696.93
283,14,4,3138.33
780,65,3,2264.07
1598,55,4,1555.36
1110,44,1,9706.0
1774,78,1,6699.96
1063,47,5,2976.36
651,42,4,6595.96
984,36,2,1523.63
1314,1,1,2655.24
1165,30,1,5372.66
273,38,4,7278.76
1452,84,2,745.26
1739,91,3,1457.76
1023,41,3,7700.81
1757,79,5,456.06
328,26,3,783.87
1536,67,4,5540.47
343,2,3,2871.14
231,50,5,9845.2
765,83,3,9137.72
1054,60,3,1594.2
1481,95,4,338.72
1328,38,1,541.45
1365,10,2,5457.7
1987,94,4,9945.48
603,71,1,4356.88
1631,85,2,4175.68
738,98,3,3470.91
1380,81,4,3397.05
1499,34,5,410.33
1595,99,1,3725.0
1081,68,1,2418.25
1315,50,2,6949.23
1681,43,3,1464.73
124,59,3,391.8
1275,33,2,3050.86
235,42,3,4614.12
41,70,2,3867.15
533,97,3,4968.05
1925,23,5,2138.33
1929,92,5,3273.29
759,61,2,7682.08
1559,57,2,856.55
1738,47,3,6968.28
504,53,3,5416.52
481,61,3,5738.86
1559,46,1,7955.14
188,62,2,9568.36
1673,53,4,4042.02
338,18,4,8019.4
1794,19,2,5631.58
1294,11,3,2279.46
367,70,5,5000.41
1534,98,5,7998.0
1564,87,5,1823.98
1131,5,5,5111.28
1001,11,4,6008.36
1755,43,2,5523.48
1876,8,5,8317.22
1514,89,3,111.26
1089,48,1,3971.91
825,20,3,1662.78
197,40,2,350.33
1001,98,5,1413.82
1233,3,1,7631.44
1808,57,4,4979.6
31,67,4,3753.73
117,71,1,5685.11
627,51,1,7311.0
764,11,1,6269.22
281,83,4,6714.51
874,11,1,286.04
1015,92,3,6161.5
1663,21,3,7620.22
978,53,4,5485.9
1355,6,4,2903.92
1526,40,3,3740.86
339,43,1,1881.76
181,57,1,7278.4
902,25,2,4880.66
1830,18,4,5599.33
114,6,2,6566.49
1466,77,1,6049.03
1871,18,2,5348.29
1319,42,5,931.56
1056,28,2,948.65
1366,99,5,3191.35
1651,75,3,3015.25
798,63,1,4947.88
39,44,4,5301.03
797,37,3,5054.99
1436,20,5,4663.48
1174,94,1,3892.05
1470,91,3,1093.88
237,64,4,6076.88
1699,19,2,859.11
224,30,2,3563.49
1354,92,2,9661.3
777,45,3,1918.02
7,52,3,2012.63
668,12,4,4020.06
989,54,4,8604.3
1685,26,2,1143.68
1334,32,5,299.17
1535,48,1,3794.46
263,81,3,6204.53
1155,27,5,8986.61
418,100,3,5183.86
435,58,5,5888.78
690,5,1,6876.1
1021,79,5,9064.84
1301,80,2,6120.33
1655,81,5,2033.35
428,88,3,5967.9
73,14,5,6255.87
148,47,4,4500.14
219,64,5,1854.62
685,29,5,6630.03
1731,69,2,8448.77
525,23,1,6605.84
1286,48,1,5846.39
1474,64,2,3371.55
1556,54,4,1854.47
1268,5,5,2234.52
831,36,4,107.05
1206,80,1,510.12
111,27,1,9968.7
871,94,3,2134.94
1956,3,4,2448.09
1481,64,1,5656.98
1733,76,2,9678.49
1165,63,4,4620.55
1339,69,1,5688.08
1017,29,1,7633.84
1526,69,5,1050.58
1150,61,5,7906.32
1450,65,4,1377.93
540,14,5,8451.75
1284,5,5,1286.68
1459,20,1,9291.63
976,21,2,2681.7
1894,16,1,4899.5
1517,57,4,4458.45
442,17,4,9124.84
38,13,4,4926.05
862,3,1,8649.16
565,43,5,9961.74
1284,8,5,2458.01
1925,60,2,525.22
1341,44,1,5026.91
1401,36,3,1544.65
700,65,1,677.06
1163,78,2,243.18
228,21,5,3129.42
1560,86,5,9181.57
1060,12,4,1177.53
403,67,4,2417.75
1778,30,4,3681.64
1977,77,4,8836.6
805,7,3,8773.61
93,45,2,9582.27
1192,87,3,2414.69
1987,6,5,8950.81
879,40,1,2052.47
746,21,5,5096.05
1890,45,1,6570.78
19,76,5,6442.15
933,39,2,5526.42
1876,97,4,1614.61
1288,8,1,8213.95
696,22,4,4834.21
599,98,2,9381.03
736,76,4,750.92
421,43,1,8281.31
293,99,3,2642.45
1679,48,5,7485.02
1263,1,3,1932.97
1397,63,4,6749.9
116,95,1,3332.93
318,40,1,7048.61
583,89,5,2529.47
1936,19,4,3545.62
544,65,2,8039.84
892,95,1,2168.11
1346,45,1,9156.26
521,55,3,1581.86
310,11,5,1783.71
399,64,2,5491.21
1203,16,3,159.2
804,1,3,3484.08
503,87,4,467.93
803,71,1,9970.05
433,37,4,6335.0
1599,79,2,6330.52
1359,18,3,3956.37
1659,99,1,5339.01
746,38,1,4639.41
1940,73,4,8739.03
15,26,2,6220.98
1393,28,3,9313.82
1638,94,1,5605.18
390,65,5,920.54
1138,72,5,294.78
1878,32,4,9682.16
274,76,2,3705.37
386,66,4,9964.94
1919,19,2,7627.84
1597,11,5,4556.85
63,80,4,824.26
158,51,4,7372.71
443,30,1,7815.12
159,82,2,2938.68
1423,66,1,8821.91
115,48,4,2670.81
161,6,2,528.48
567,95,1,5971.61
1313,60,5,1765.43
1703,55,2,6733.89
825,26,1,4847.42
786,89,2,5106.7
101,26,3,5362.66
393,4,1,3420.45
1552,24,5,3286.91
983,12,2,641.2
361,28,1,9245.13
1975,68,5,7526.42
1268,56,2,5834.3
1310,92,1,1081.1
1932,79,2,9026.99
1016,31,2,2897.46
373,11,2,3352.1
1007,5,5,218.48
48,42,1,5781.25
1280,48,4,620.17
1195,80,2,9168.02
745,15,5,4056.27
181,50,4,7702.06
1383,76,1,1264.0
1737,11,5,4968.92
1084,36,5,7705.33
627,76,5,3572.38
579,46,4,3383.02
1145,69,1,2982.78
1534,11,2,9537.17
1871,21,5,586.92
137,56,3,5726.3
731,91,2,6014.87
542,64,3,7660.08
1251,49,4,5755.8
247,93,5,3590.32
807,93,4,3661.38
848,81,5,2600.76
512,87,1,5450.2
442,58,1,5101.65
1360,50,5,5180.64
1811,5,5,9923.22
244,71,2,8860.18
251,62,5,9863.87
1568,37,3,1207.37
1444,66,3,8894.39
1344,13,3,8743.69
368,85,2,3942.22
1921,73,1,9598.13
495,22,1,8733.31
1108,46,5,4384.38
430,47,3,5463.14
37,74,1,5539.48
1996,18,3,5203.51
1830,83,4,1705.36
291,42,4,4361.46
635,9,2,3061.87
411,28,1,8481.39
1813,50,4,3187.95
246,1,4,7238.8
1990,87,5,8872.66
1689,64,4,3672.44
760,75,4,6864.76
1929,22,2,3005.24
705,49,2,1605.76
1025,89,3,2053.75
479,20,1,9664.83
1678,94,4,6875.86
891,36,1,7010.1
237,85,2,2065.81
1864,99,5,800.21
1832,9,4,4140.32
621,68,2,2654.22
71,46,2,5394.56
867,20,1,8847.4
196,41,2,2906.92
1844,30,3,7226.43
1216,32,1,2789.17
913,91,1,675.93
1815,7,1,1202.21
1294,2,4,7412.76
1611,52,1,1263.63
568,7,1,3906.27
34,65,5,930.71
1281,54,3,6701.85
1665,45,1,4179.42
1767,95,3,508.78
868,13,2,7276.33
24,91,4,9292.62
272,96,2,9676.91
279,100,5,6648.13
938,19,2,9245.73
1999,31,5,5777.0
525,69,5,7023.35
122,61,5,7809.61
970,32,3,1046.09
771,2,1,706.39
1723,26,1,5750.09
740,95,4,4871.63
594,35,4,2035.62
1923,38,3,6593.38
105,58,1,7160.01
868,77,1,7368.87
1764,3,1,782.98
945,43,1,3572.63
1763,60,1,7454.75
1537,37,4,635.83
370,12,1,1905.21
1468,27,1,8207.3
825,39,5,1547.44
1883,54,3,9788.21
1677,27,5,1757.82
558,7,2,6873.88
1556,16,1,5926.2
1321,82,5,1967.26
1482,90,4,4730.66
133,52,2,7144.71
847,72,2,268.21
1714,58,1,3504.92
1321,68,4,6619.62
685,69,4,7807.11
1170,92,1,3589.99
984,29,5,4689.1
797,45,3,650.0
730,62,2,1346.22
611,89,1,214.66
1142,98,3,1500.46
1869,72,5,5137.66
1589,78,4,5055.33
1852,1,1,5568.07
1347,46,2,7269.92
922,22,1,2298.77
1694,16,3,7776.87
212,69,1,1318.63
88,35,1,954.28
1445,99,1,4840.62
1170,79,3,2165.44
1777,21,3,3282.05
1837,10,5,6800.41
356,59,4,2056.37
1096,26,3,3827.52
974,72,2,1054.16
1907,88,1,5150.55
1759,76,3,9008.63
527,50,1,4500.35
181,76,4,6042.47
801,52,3,4653.35
520,85,4,5128.71
1673,24,1,8953.52
172,75,4,7201.08
341,28,3,4593.51
413,33,2,1753.14
598,86,4,9446.05
411,66,1,5986.75
1334,19,4,8706.31
1650,53,1,4039.63
646,82,5,327.33
569,80,1,9461.72
287,37,5,3292.68
835,97,2,9155.67
1578,16,5,8974.43
426,53,3,3497.14
1692,11,5,5635.48
716,88,4,9388.77
798,8,2,6431.34
1915,40,3,2359.41
1138,95,2,783.14
888,46,4,123.88
1309,42,5,1219.61
871,4,1,3300.41
311,69,5,8575.83
435,33,3,3080.54
325,28,2,3469.87
1719,84,4,6371.65
1481,98,2,8770.36
725,71,4,9509.47
1704,47,2,2480.94
1378,59,5,4934.68
951,96,5,8382.25
1039,55,2,3635.74
1231,51,2,7780.07
1051,67,3,4951.04
1464,49,2,4639.44
555,58,4,7449.15
433,75,3,3915.85
131,76,4,7843.08
1163,69,4,8434.14
732,58,4,2504.75
895,6,4,1274.26
258,57,3,7058.3
1659,60,4,6055.1
969,23,4,905.74
1706,26,1,4132.85
440,3,2,424.45
113,51,2,1047.88
537,18,2,2091.5
458,94,1,9995.88
1434,23,3,5456.02
1584,81,3,7974.89
1835,51,5,1679.47
856,35,2,7704.46
1704,46,3,718.97
520,42,1,6846.44
1122,51,1,6670.0
703,9,1,4148.51
1721,1,3,3375.84
513,22,1,9667.36
908,38,5,7057.63
1714,94,2,1817.43
1308,69,1,5858.51
639,89,2,440.35
841,46,4,512.37
225,36,1,9414.86
1100,75,4,9215.69
1513,58,3,5354.77
1834,58,2,7016.68
212,39,2,3170.45
141,19,5,3299.9
1477,12,4,4537.88
1686,6,2,7055.17
431,59,1,9106.33
1007,28,1,9293.63
1978,83,2,6583.63
1686,32,4,9380.86
779,98,1,852.55
1736,46,1,2269.1
1000,19,4,5632.59
1693,24,2,1467.58
1335,97,5,8789.13
399,33,3,3787.52
138,25,1,5610.78
960,66,5,9191.76
953,54,5,4962.02
395,87,2,5930.04
1861,51,1,1209.71
746,83,2,1223.04
986,15,3,5068.54
1687,33,4,4370.9
382,37,2,9375.67
1839,83,2,631.74
657,46,3,7451.88
738,81,4,1734.44
1887,31,4,575.82
1078,8,5,8745.98
1962,82,5,2015.73
155,32,4,6986.74
825,24,5,7128.88
565,70,2,3330.57
1511,65,3,3216.78
958,28,1,589.86
414,10,3,3996.16
986,44,4,2900.87
406,91,1,803.05
559,3,2,9815.13
360,98,3,6946.76
788,91,3,9031.17
1721,14,5,7893.61
1548,16,2,6049.46
1226,11,3,3538.22
221,96,3,7177.27
416,80,3,169.47
1303,59,1,3479.6
1728,38,4,7444.34
647,90,2,759.52
1238,20,3,2930.99
378,51,1,1790.01
1855,30,1,5827.4
787,65,4,5425.37
1101,54,2,7832.05
1374,70,4,1439.38
1509,69,1,8069.85
1855,55,2,6788.42
1759,90,1,3659.46
1809,63,2,4898.27
704,51,1,3910.39
1394,74,1,1308.42
521,37,5,5456.55
1398,88,5,770.14
635,53,3,721.69
1312,53,1,5023.24
659,30,4,7518.67
729,9,4,6116.9
1600,19,2,2983.6
1887,84,5,7498.65
709,78,3,2121.56
827,57,2,6281.42
1750,97,5,8547.46
1165,94,4,7954.34
1749,23,3,4386.28
1461,31,4,5082.74
366,27,2,2338.74
769,61,1,3323.54
1381,6,1,3584.25
97,94,2,3801.61
1847,55,4,6309.75
1741,49,5,7897.12
1524,76,2,3928.04
70,25,3,9940.19
1445,84,3,6361.22
1498,87,5,6099.93
990,42,4,2369.11
865,26,5,6185.67
1127,73,5,8911.16
871,83,4,9550.34
801,34,5,904.92
771,84,1,3820.69
1573,21,1,5673.61
816,64,2,1486.21
77,55,5,1753.02
1491,39,4,3114.02
1993,88,1,9539.18
364,45,2,1986.44
1911,93,5,6425.63
1463,91,1,9076.99
1813,67,3,5427.44
108,44,2,1673.33
1427,25,3,7778.91
1221,72,2,9466.81
104,33,2,6437.67
29,48,4,6885.6
1712,14,1,3543.09
1955,100,5,996.45
1402,5,3,5759.41
1319,65,2,3959.46
682,2,2,9020.4
1031,78,3,1266.1
1523,27,2,5911.47
1496,47,4,7113.72
1692,32,1,1694.91
931,41,4,7888.47
1716,5,1,2227.88
57,57,4,1668.38
1253,97,1,9657.13
1630,74,3,5801.07
970,21,5,6478.02
1491,89,5,1969.6
651,26,1,3657.09
108,94,1,8522.85
675,2,4,9583.68
1123,70,3,5373.92
1555,45,5,9193.15
1614,90,1,7572.69
1853,78,1,7652.43
444,35,3,7275.51
1698,12,3,693.93
1882,19,2,4528.24
973,10,5,1616.56
1506,93,2,3600.28
519,85,3,2598.65
736,45,3,911.73
1023,46,4,5830.51
1051,99,2,7424.87
1214,72,1,5495.94
965,17,1,288.98
1369,36,1,7751.17
1752,8,5,9434.93
1041,42,2,9814.64
60,71,3,425.35
459,96,2,8001.3
156,40,2,2076.86
1506,55,1,249.04
1601,39,3,2762.13
1558,99,3,6661.27
346,28,2,6903.38
941,2,3,4917.0
1762,100,2,8013.66
1011,34,3,4728.28
1508,20,2,2564.16
1170,29,2,302.74
1564,81,5,2382.37
190,41,3,9063.58
269,100,2,2818.25
603,2,1,2020.24
564,2,1,4042.91
1922,28,1,1468.82
434,66,5,4755.2
1174,1,1,5096.56
752,55,5,4524.97
1060,45,2,5198.42
241,56,4,9333.46
30,71,3,954.12
170,64,3,6613.79
653,100,3,8981.07
604,89,3,9477.44
1542,57,5,1584.42
1253,79,1,8731.9
1588,88,3,8228.02
1739,75,2,4651.34
1542,49,2,6691.33
468,79,3,3724.93
1533,58,2,6502.78
1140,30,5,8111.31
95,1,3,8645.1
678,33,5,5339.71
1626,81,5,2737.41
449,59,3,3933.75
1230,33,3,4335.48
557,64,4,3976.13
1501,7,1,8592.51
1354,8,1,3828.87
312,69,2,3686.6
1220,83,2,7152.85
1636,2,4,7326.68
699,94,4,1130.19
953,63,3,2436.36
586,39,3,1719.3
1000,81,2,6862.21
1185,81,4,7014.84
153,5,3,9863.2
711,26,1,2617.53
1466,93,1,2614.42
297,39,4,7321.58
903,74,1,3076.04
381,5,4,9064.86
382,18,1,7319.67
1029,99,5,2081.36
1842,19,4,5835.65
1230,99,1,566.39
1399,85,1,6943.93
871,26,3,7446.8
938,93,1,6451.21
389,81,2,7140.39
427,39,5,9214.82
1831,53,2,9544.88
910,33,3,2706.09
980,4,4,1323.24
1420,68,1,6468.88
468,83,3,5392.6
386,98,2,5836.55
932,17,3,5294.78
1386,97,1,8530.36
243,32,3,6573.55
1910,94,3,6026.39
1079,48,4,5204.6
399,81,3,462.44
463,4,4,5503.02
782,11,2,6210.16
1491,100,4,509.54
1617,30,1,1756.28
183,33,4,9793.34
1127,85,2,1995.0
289,52,4,9340.34
1002,79,4,4151.38
1766,9,4,9366.8
247,55,4,8460.18
629,96,4,1770.01
1503,22,2,1177.96
699,75,3,7203.29
1504,84,1,1380.27
432,60,1,5261.71
757,29,2,4329.07
616,37,2,6737.86
1999,94,4,9478.21
492,87,5,6672.58
20,52,4,5737.42
732,10,4,9512.12
255,58,5,8652.87
197,9,5,5753.96
373,55,3,1791.26
1579,20,5,5848.34
498,58,5,4227.54
706,97,5,6788.13
598,57,2,7265.13
1913,31,3,6938.42
1258,55,5,5434.13
1625,82,1,7905.26
1563,38,3,7398.1
558,88,1,2238.58
1754,56,5,2532.36
1793,14,3,6755.38
1112,33,1,1127.76
701,59,5,6574.97
178,86,2,5483.21
736,26,1,4719.12
1618,66,5,3630.45
333,72,3,1854.68
777,59,5,893.02
796,73,2,628.68
650,29,1,4826.3
1073,86,5,323.66
511,24,3,3537.05
361,14,1,4970.68
113,72,4,1474.6
353,64,5,4859.85
863,81,5,3534.4
1599,48,5,2509.17
1696,52,5,7330.63
480,15,5,7264.97
1177,31,3,7406.55
1822,33,1,7363.64
778,86,1,747.96
181,26,2,4035.66
1694,84,4,2466.96
667,45,3,3339.82
1454,74,3,691.4
242,41,4,6556.69
325,80,1,1693.0
1746,15,3,7356.86
1274,84,3,5574.63
521,54,4,9160.89
1639,93,5,7746.55
870,17,3,4088.23
1012,100,3,9399.32
1259,86,1,6766.87
1937,5,1,8748.34
153,54,3,362.04
782,29,1,4253.55
1628,39,3,1405.74
690,96,4,958.31
1340,45,4,3581.72
419,97,3,5601.59
1315,2,1,4456.48
833,96,2,3353.48
69,29,4,5268.31
872,37,1,7415.81
1500,6,1,3096.63
1461,44,5,5813.1
1723,41,3,6098.4
165,18,1,3986.34
1957,17,3,655.5
1562,38,2,9553.05
1086,40,4,7837.06
1506,47,5,1040.79
523,80,5,371.12
276,26,1,3540.65
1309,85,2,4480.79
835,44,1,9163.85
1000,82,3,2678.66
1128,3,4,5810.47
1231,81,3,525.23
43,72,1,7042.47
1594,14,5,7521.83
1113,35,1,482.25
511,34,1,3330.35
1732,26,4,4922.91
682,53,2,475.07
1902,4,2,4723.23
965,6,2,7242.68
1030,72,1,698.3
551,29,4,8778.52
1722,65,3,6065.52
1146,56,2,8008.78
468,38,3,9914.23
571,71,1,2317.41
44,42,4,3572.91
1033,50,5,9106.98
1168,39,5,1277.29
996,42,3,9970.09
619,28,1,7083.68
1516,86,2,8932.3
1981,6,4,2145.2
1211,25,3,7680.66
1686,49,5,945.3
1608,51,1,8823.63
993,37,5,9908.96
1579,18,2,2738.17
1246,81,4,9357.49
4,24,1,2228.47
635,8,4,6360.17
1736,1,4,4261.78
1418,59,5,7899.95
1055,55,2,513.89
812,57,1,6771.67
1461,96,1,2138.23
492,49,1,1676.92
1314,11,2,6034.27
47,46,1,6761.33
337,58,4,1105.99
465,73,4,7647.51
596,84,3,7578.69
1584,29,5,5464.66
1874,98,3,2705.72
1735,38,2,6480.7
911,77,1,3006.68
893,12,3,9445.77
836,84,4,1924.02
684,43,1,2334.56
711,20,2,5174.18
1915,48,1,6161.49
1765,36,5,803.99
756,86,3,864.38
630,79,5,9420.83
1199,54,2,1713.36
1666,12,3,2333.19
892,20,5,7428.41
650,98,4,8078.6
1393,63,1,4832.26
1847,94,3,9382.59
125,5,5,5682.95
141,49,2,8207.71
993,73,1,5202.82
1486,50,5,5461.88
312,75,4,9707.09
1785,75,3,2295.32
1433,46,4,6756.92
1676,67,4,1721.82
706,45,1,5729.72
1137,57,3,561.85
364,74,2,3245.29
566,96,5,639.79
5,82,1,4976.0
1750,69,4,7695.45
1238,40,3,3550.15
283,57,3,9081.2
1049,17,2,3465.52
722,86,2,4869.08
186,23,5,4960.1
1156,77,1,2283.51
718,41,4,1651.74
1519,39,1,3980.64
643,17,2,9899.18
408,8,2,2777.53
708,68,2,4441.55
1896,41,1,337.44
1964,43,2,3052.29
1640,34,4,2885.79
786,25,3,4462.04
1895,64,2,9508.02
1839,32,1,1127.74
1647,73,2,7494.14
1529,13,4,2903.85
737,79,1,1444.48
1768,63,3,2394.85
491,41,4,2786.07
1228,36,3,7422.92
1927,87,4,3874.14
1922,2,4,6750.06
139,53,3,9460.74
428,70,4,4680.67
1746,44,3,271.05
886,98,3,4908.39
1592,99,1,5140.08
874,86,5,6044.92
1769,76,4,7733.56
1282,59,2,3751.36
1284,88,2,4744.71
1310,43,5,4395.05
1198,76,4,3039.24
1214,48,4,5399.1
499,61,2,1923.31
135,49,2,602.5
1454,73,4,3367.54
1508,8,2,1799.28
635,43,4,3795.8
1586,96,1,3386.25
719,44,3,3503.44
1769,4,5,8245.09
1928,50,3,5650.43
1639,38,1,7261.95
139,44,2,4913.19
1572,21,5,7430.9
526,21,3,6942.93
431,54,2,1512.54
1279,48,1,4292.7
738,94,4,838.2
1850,67,2,4449.31
1571,64,4,658.25
1926,34,4,8404.84
1614,55,4,8099.25
736,11,4,549.68
1818,87,2,856.49
1618,72,3,2941.04
305,75,5,5957.22
419,56,1,5052.23
457,30,4,9405.25
944,37,1,6396.79
1853,46,4,5683.11
1067,5,1,253.02
1166,37,1,2215.01
1706,92,2,2130.75
1728,44,4,2144.76
1950,84,4,3927.43
983,63,4,5683.82
1988,49,4,3368.24
1677,24,3,1874.52
1513,84,4,5144.51
869,2,3,9381.01
914,16,4,1377.78
1354,87,1,4864.69
243,37,3,4369.07
870,71,4,702.1
1983,50,1,7221.93
936,80,5,2834.43
1937,40,2,5966.3
998,46,1,1228.87
239,66,4,7478.74
1657,79,3,1422.3
449,23,3,2992.76
1912,89,4,1856.86
1414,59,4,4963.89
320,30,1,893.98
632,52,4,3680.56
1231,37,4,6116.02
977,64,4,9234.3
809,90,3,2758.57
398,28,1,1091.57
1413,86,2,5398.44
688,95,4,1496.2
368,98,1,4188.12
181,89,3,1614.65
113,60,4,3753.71
177,34,2,3017.33
1386,39,3,5812.55
731,88,2,2932.09
354,40,1,8509.58
1511,26,5,6030.33
1423,46,1,6723.06
1231,3,4,7666.08
1840,65,4,1857.2
780,4,1,3379.24
443,43,5,9548.1
1126,94,3,370.94
127,85,4,6898.04
280,54,3,6167.48
405,15,2,6255.25
350,18,4,8101.82
1186,33,5,937.06
947,93,3,2547.24
1507,66,2,4902.0
559,7,3,2495.92
232,60,2,8254.24
789,35,4,2661.79
402,50,4,1029.92
1569,23,1,1960.36
975,85,3,8136.45
1301,10,5,1602.72
1766,89,3,793.28
928,51,5,777.28
169,57,5,6042.79
1055,99,2,3528.97
949,70,3,297.6
873,56,1,8932.36
1400,75,3,3853.65
1541,53,4,5488.89
1578,72,1,8415.32
1604,23,1,3563.05
1114,55,1,2644.76
942,92,4,6328.78
1723,79,3,3616.64
1069,57,1,354.84
1760,53,1,1203.62
638,5,5,4077.73
1027,7,5,1985.84
1323,66,1,7070.12
1745,72,3,2644.81
41,34,3,3332.65
150,8,5,9401.06
1358,3,4,8036.6
962,34,4,9560.35
825,41,3,8579.96
233,77,1,5571.29
935,92,3,4824.48
499,75,3,6418.23
1986,74,3,6706.24
1731,23,4,4220.68
77,53,3,2200.35
1992,54,1,4847.64
165,76,1,5948.04
1269,26,5,1260.95
336,7,1,2027.85
808,50,1,1255.02
971,53,4,5682.88
1683,12,2,409.62
540,24,1,1864.71
1956,2,5,7105.2
474,43,1,9244.46
1943,32,3,7199.7
1049,35,5,4134.38
1864,95,5,4882.46
1657,50,2,5761.38
1407,64,3,8250.12
1519,58,4,3317.09
961,12,1,5358.02
1606,8,2,2872.32
1410,19,1,7536.93
1492,47,5,3325.75
1656,19,1,9553.96
302,6,4,9539.24
964,20,3,4816.34
1633,84,5,1550.15
955,49,1,6731.33
910,8,1,9215.12
866,44,5,4578.03
1105,1,2,8129.94
1859,3,1,9515.77
69,75,3,7186.66
568,37,5,6487.7
1274,33,2,5968.72
600,76,3,364.43
1271,74,5,9117.54
184,40,4,9949.02
400,8,1,7138.28
12,51,4,3846.34
901,93,1,7858.7
172,89,1,5042.93
906,45,1,730.64
585,85,2,7580.25
1418,14,4,3680.83
1442,81,2,3011.81
323,98,5,8354.02
1855,6,4,9577.07
114,52,4,6244.76
380,54,2,720.91
946,26,1,4864.12
873,26,5,9121.33
366,35,2,1624.42
859,26,1,2127.04
37,84,4,4937.95
845,80,2,2114.27
283,45,3,3933.27
614,62,4,3663.54
1624,2,4,174.94
457,40,5,5221.49
1123,13,2,2649.09
1052,54,1,9064.7
1423,96,3,3518.38
1094,77,1,6004.35
1561,100,5,802.39
1203,72,4,3720.08
469,28,1,6985.19
1283,6,4,8401.44
759,67,2,8924.28
67,63,1,4418.06
315,46,4,1859.33
909,30,5,1116.24
152,97,1,682.98
1516,44,2,4399.29
1262,41,3,363.04
190,66,3,2807.56
1854,94,3,1592.75
991,98,1,2411.67
461,5,2,9872.22
1240,88,2,8377.32
662,2,3,9540.09
1238,33,5,5980.19
1677,97,5,4519.84
1752,9,1,3682.97
1872,35,2,5931.76
1482,19,5,6488.91
719,38,2,3461.69
512,3,5,5704.27
1067,79,5,5316.98
881,46,1,4195.07
1144,14,1,9800.15
1559,53,4,3426.38
1918,7,1,5397.31
1169,74,4,8847.86
624,7,1,5915.08
425,11,4,707.28
109,96,4,6880.52
188,6,1,8061.87
962,87,3,1950.01
1475,95,4,5201.01
1868,38,1,5453.18
60,68,5,9010.96
1966,72,1,9772.74
755,45,5,3760.44
1000,46,5,6985.68
649,30,1,5422.99
1367,21,3,752.49
285,92,2,8062.05
1166,58,1,2590.13
780,70,4,3360.14
1997,29,4,7680.25
564,97,3,9532.93
1665,38,2,2575.43
1940,22,5,3312.8
540,79,3,2002.13
1762,26,1,6957.45
1605,14,5,2315.43
683,56,3,3914.23
719,53,1,9966.43
301,45,3,274.28
1992,53,1,9481.44
1560,45,2,8131.01
629,64,2,9120.24
98,57,1,8031.36
1967,60,4,2181.97
597,25,3,5899.12
494,98,2,8913.64
1628,30,5,1791.79
126,66,3,8343.97
81,69,4,3263.32
59,44,1,6818.7
765,45,1,7601.45
101,15,3,843.52
1281,73,4,6772.37
1299,21,3,4143.36
544,66,5,3580.85
509,93,5,1248.74
1997,28,2,1093.63
663,48,4,8541.88
826,97,3,7678.46
1798,51,5,5054.98
1223,96,3,660.24
1787,31,3,1686.17
1634,6,1,4303.78
1586,50,1,2707.32
210,65,2,197.67
1879,44,3,2046.53
1235,60,2,1274.53
1158,71,3,4436.74
920,44,5,7691.87
898,10,3,6602.89
33,6,4,569.68
894,95,4,3860.13
678,89,1,653.26
256,93,3,8033.67
1729,17,1,6801.8
1626,6,1,1266.53
547,46,4,7459.67
820,57,5,9549.93
1708,27,3,5623.51
1871,2,3,6130.79
867,70,1,4423.75
1540,1,2,5687.68
1526,96,3,410.38
695,83,2,2235.01
1451,34,2,1404.62
1658,46,3,139.91
382,22,5,3506.33
1966,69,4,3909.3
1246,51,4,3114.85
864,16,2,6431.82
1536,43,5,3782.79
1385,93,5,7733.96
1736,83,4,3545.46
1188,75,5,1636.73
1725,5,4,6279.03
237,54,5,1821.39
1949,32,2,8340.65
1594,73,5,7559.63
1971,2,4,3953.43
130,52,3,3339.55
241,72,5,9757.8
449,93,2,9741.9
1869,60,4,4574.78
1020,25,3,7904.16
1258,96,3,1724.78
706,17,2,1488.18
1832,52,3,1209.52
431,49,3,5888.48
754,90,3,692.54
254,9,5,1423.99
1020,95,5,4362.33
1876,64,3,9002.02
732,46,1,1633.62
1732,99,2,1720.19
250,92,5,3736.51
1672,8,4,4260.11
380,96,3,2254.7
296,35,3,8833.72
1572,63,3,904.31
447,20,1,7164.19
960,31,2,544.41
1183,42,5,8364.15
1788,6,3,7508.27
188,63,4,838.1
431,8,5,4317.8
1171,88,2,4076.03
558,61,1,4367.73
564,42,4,2341.14
1312,68,3,4285.11
1924,54,2,8397.96
1758,14,4,4381.42
39,55,2,9109.86
1804,31,3,8360.45
1393,12,2,5534.27
1244,2,2,8460.91
52,18,5,4223.09
1868,60,3,2678.77
1465,93,3,7126.38
399,78,2,1295.21
574,9,5,2264.39
1096,45,1,8415.17
1652,52,4,7081.33
1905,20,3,1719.7
1630,51,1,131.47
1766,19,4,6497.28
435,88,2,4921.89
71,70,2,3172.36
1486,2,1,3774.44
686,14,2,7571.14
1200,67,3,7685.3
1649,19,4,9554.09
482,8,3,3355.52
1442,64,4,9010.31
510,87,2,8055.68
1983,77,4,2123.34
725,15,2,9352.05
1661,64,5,7334.91
88,98,1,1586.35
601,25,5,2516.26
262,52,4,2139.29
1367,89,2,4816.86
167,60,5,6565.55
1632,44,4,1826.12
1843,55,3,3255.34
86,84,2,4371.06
715,44,1,3836.34
927,15,4,9863.87
1334,57,3,7122.02
1398,24,3,4339.08
1142,24,2,8796.22
1586,53,3,9670.99
1139,49,1,9938.54
1389,34,1,2117.02
265,34,4,4749.81
1928,36,2,7169.16
1909,4,2,7076.58
1715,43,1,6733.53
1566,27,2,1103.23
960,93,4,1812.19
1543,35,2,4246.47
1908,38,1,8850.56
1451,10,3,2504.86
696,52,2,1823.23
1439,84,2,1794.29
1866,34,4,2883.3
1680,6,5,2149.31
1226,57,5,1764.67
686,88,2,4506.32
1201,95,3,5209.46
741,80,3,4302.65
1013,25,3,3755.47
1925,75,2,5904.92
804,77,2,1285.22
836,65,2,8484.19
1355,32,2,4979.29
1527,78,1,7255.61
133,73,2,804.29
1444,13,4,7860.75
1876,80,5,6304.44
527,47,5,6720.15
1331,58,5,2679.03
79,50,4,8052.29
870,98,5,4780.53
74,46,4,2254.17
1632,51,5,7310.55
1162,41,2,9262.85
629,77,3,977.02
245,1,2,8184.53
1896,68,1,9924.65
1409,6,5,6803.94
303,24,2,3415.98
1114,81,3,626.71
36,37,1,4851.73
899,55,2,6487.0
1387,92,1,6234.67
511,63,1,9792.97
850,40,2,9296.46
11,40,3,9385.82
1729,95,1,3352.52
1662,27,4,6745.23
316,67,1,9681.39
435,5,2,3212.69
1206,20,2,282.92
1599,85,1,3419.31
1550,85,1,743.85
1495,74,2,1884.44
1466,87,4,3043.47
904,74,4,4029.68
104,24,4,9923.92
1817,63,4,9419.17
206,54,4,515.82
714,33,2,7281.71
274,5,3,1100.36
1881,69,4,1772.42
1858,89,2,8414.42
1433,73,1,693.02
1730,86,3,5435.06
1236,46,2,7214.31
1012,99,1,2287.52
441,36,5,1299.62
241,33,1,9609.93
344,85,1,2478.44
1136,75,4,5571.13
838,29,5,1730.38
1264,79,2,9364.93
208,98,1,3317.16
300,42,4,825.85
203,66,3,6481.46
217,11,5,6075.62
182,99,1,6853.57
693,60,5,4747.5
82,13,1,5061.08
1197,53,5,7728.92
1354,100,5,9365.06
698,29,1,1245.95
1245,56,4,9830.93
51,16,1,7853.99
1613,57,1,8697.16
1458,94,2,4061.4
153,55,1,9404.24
1065,64,3,8124.9
401,22,3,3697.57
933,19,1,590.24
683,84,4,5115.84
929,94,2,6040.79
90,11,5,7609.47
1191,41,5,1563.14
1553,41,5,3306.34
1824,41,5,2128.68
1139,85,3,3061.44
346,37,4,3935.41
119,81,3,3732.81
522,59,2,9837.01
336,71,2,3984.55
11,60,3,1249.1
98,54,3,7420.18
469,47,2,7225.88
158,62,1,7146.55
644,74,3,2552.76
1954,91,2,7350.1
1066,29,2,631.28
1560,16,3,7280.44
1379,71,1,3585.01
537,13,4,2060.49
1483,31,3,7355.01
879,14,3,4506.53
1809,50,3,6259.28
1674,99,1,2848.14
573,74,5,3935.35
1146,4,3,9262.16
148,83,2,2576.04
1056,48,3,5313.32
923,40,5,5097.54
652,80,4,8848.0
1288,28,5,4776.77
1536,63,1,2104.22
16,95,1,3367.63
751,95,1,1321.05
1546,66,1,1700.69
639,45,4,7139.93
411,41,5,981.36
1866,43,4,2922.82
796,58,4,7566.94
519,3,3,9878.93
639,83,1,6650.91
1198,2,5,1438.39
753,3,5,9275.66
877,6,3,8400.37
1523,50,2,2596.98
1126,93,1,2549.77
1671,27,4,1181.64
1315,47,2,9723.48
1674,99,3,8644.46
1148,81,5,5205.0
181,47,1,2384.22
1490,61,3,9769.12
548,6,5,538.79
239,31,3,2999.46
796,47,5,8298.74
1432,88,1,9893.38
1421,32,3,4790.0
16,65,1,5219.53
1343,83,4,456.81
1222,13,2,1066.11
982,27,2,7356.06
1234,77,1,4414.04
1172,87,5,8100.54
346,53,3,3230.65
1458,33,2,7953.23
481,59,3,9754.56
1877,77,2,5186.54
261,50,1,3038.92
1552,24,1,8293.68
596,25,2,2208.34
433,28,4,8528.79
806,5,1,3881.77
1685,98,5,9624.81
659,62,2,9675.49
27,15,2,3424.01
1628,29,3,7584.66
174,84,5,6717.45
19,31,4,4641.16
517,14,2,1995.8
264,44,5,3750.1
562,3,4,2347.8
1359,25,5,3993.71
88,15,5,3783.12
754,93,3,1967.23
1254,23,3,7014.95
1465,65,2,5124.73
588,93,1,5157.59
1497,50,3,1242.49
772,81,5,8935.75
1507,26,4,7679.63
1600,73,4,1690.17
1406,31,5,2867.09
1012,77,4,6820.25
106,43,3,1418.08
1225,17,4,6479.68
1453,5,5,1299.61
206,77,4,8925.24
1000,94,4,5219.58
1222,64,2,9380.96
644,8,2,7427.7
1039,43,3,3787.08
161,34,3,4909.85
595,7,1,6625.43
1317,84,5,7294.59
257,26,2,8596.21
78,15,4,4625.27
587,86,1,8824.72
427,30,2,5061.47
1869,15,3,6718.42
1720,8,3,5783.03
749,15,1,4314.73
1943,29,1,9674.67
473,36,3,518.28
1391,49,4,6959.13
1946,29,2,7212.7
88,78,3,2915.01
552,62,4,5686.98
1709,77,3,9574.98
115,10,4,1075.32
1823,67,2,8186.05
1979,11,3,4476.93
1171,75,3,5067.46
922,32,3,2649.8
369,29,3,2620.73
1356,46,3,6185.21
870,22,1,7760.23
203,47,1,1013.42
1478,32,3,5329.09
1628,24,1,1172.83
783,55,2,5418.41
121,63,5,4406.09
572,66,3,1437.69
373,2,3,7271.68
804,5,3,6564.14
735,32,2,8055.56
1938,4,1,6215.19
327,39,1,7301.63
1940,59,2,4348.97
1762,65,4,1224.01
464,28,4,9352.99
1448,95,1,4091.59
1602,48,5,2082.53
1071,10,2,2295.29
1189,58,1,8363.09
1777,87,2,409.29
812,74,3,3189.3
1311,72,2,1153.55
1303,70,2,2167.7
394,3,3,9191.53
1262,4,1,5663.39
977,25,3,6755.81
916,97,2,1945.07
290,13,3,8060.33
495,70,3,6929.83
5,88,5,5569.3
553,20,2,4710.23
872,16,2,6214.76
412,53,5,2613.37
915,53,1,4207.25
1670,62,4,4492.04
368,39,1,4223.68
1821,86,3,1098.42
1427,84,4,9837.59
1321,73,2,447.22
349,27,4,2772.05
663,13,3,2285.39
789,77,2,7944.13
1764,69,3,2257.6
1838,63,3,4794.34
1131,62,3,3114.51
245,4,2,2929.52
343,49,2,9702.89
1000,45,4,6800.01
1416,29,4,3266.48
1963,28,5,8576.72
1347,74,5,4335.34
850,73,2,2084.5
20,41,4,3256.74
1720,45,1,5042.33
1518,23,1,2795.77
815,78,5,2749.1
629,72,4,2380.45
1663,13,3,7357.46
1910,24,2,7263.09
1212,36,1,812.52
1090,88,2,6460.76
1734,54,5,9514.0
83,57,1,4446.37
1189,48,5,7793.09
824,100,4,5000.36
811,54,2,4907.24
338,26,1,1777.42
471,44,3,3393.32
961,28,5,1127.62
1031,24,2,8197.19
1727,90,1,5651.18
1387,29,4,9797.51
1690,36,5,9250.17
750,92,5,8960.33
1690,79,1,5050.71
464,64,2,8143.29
1694,30,5,9278.84
1801,83,2,2474.93
1681,22,3,4405.43
1698,47,4,1725.31
709,2,3,9027.68
1657,54,4,3632.14
1215,65,5,2079.21
1143,23,3,1209.73
1004,40,1,4963.78
538,84,3,6341.94
1605,34,2,5783.78
1642,69,5,2201.33
1550,28,5,2793.31
1847,19,5,6910.03
5,47,1,3078.75
574,95,5,3164.19
1386,99,4,658.61
161,68,2,4823.72
1508,62,4,1381.85
1649,36,4,3736.12
1367,93,1,2074.39
1274,68,2,5960.3
932,97,4,2437.85
1676,74,1,8772.83
1976,13,1,7198.82
1094,19,4,2873.61
138,53,1,9577.02
756,36,4,1616.91
1043,90,2,6857.35
1556,83,5,6611.44
1434,86,3,5335.53
1489,59,3,6396.48
203,3,1,5627.89
1179,46,3,2865.8
1392,87,4,6276.33
1689,10,2,5391.11
1234,53,1,7729.97
137,31,3,6988.85
607,16,4,8169.56
543,67,4,7192.32
348,8,4,8458.48
1226,14,5,9224.5
1955,77,1,7480.17
1820,11,5,7855.57
1650,47,4,7965.76
1780,31,5,6972.72
1105,10,5,3862.49
987,4,3,6938.66
1265,1,1,8333.15
849,72,1,7577.41
231,79,2,4128.68
1132,3,2,3216.2
1884,84,5,4303.9
922,83,2,1704.87
201,18,2,8044.42
123,16,5,406.22
645,28,1,9600.0
373,61,2,7495.57
1718,20,5,9617.85
43,59,5,677.59
1133,12,5,1251.32
1889,44,5,5077.99
1057,62,1,1917.62
1089,48,4,4256.01
724,48,3,930.46
1980,35,4,5129.4
766,3,4,1089.76
1184,71,2,4197.53
1274,84,5,3875.78
1023,96,5,6338.58
8,16,4,7474.46
376,50,1,5675.04
325,90,4,997.08
241,51,4,5503.36
1612,17,5,5400.08
1213,15,4,4363.41
1877,51,1,8084.9
827,56,1,417.29
1587,36,5,3483.39
302,12,3,4090.02
1752,44,1,6998.35
1356,47,1,5997.58
302,86,4,2029.22
647,29,4,445.76
1807,45,4,8487.23
1906,11,1,4850.52
1367,14,5,8100.68
1500,69,2,8526.59
988,11,4,5980.68
305,93,1,4564.09
1925,85,5,8928.3
260,59,2,5143.77
685,24,1,2045.74
644,62,2,3769.67
1613,32,4,4435.46
1878,22,1,111.54
370,85,1,6669.29
1603,34,1,4985.33
155,34,2,7752.06
556,66,4,1061.09
854,16,4,7570.09
334,52,3,4578.14
1108,57,5,1568.02
145,48,1,5701.41
1880,29,5,2418.49
1487,53,4,5631.31
449,54,1,3694.85
968,52,3,7744.66
512,52,1,3706.68
1887,20,5,1594.36
915,97,3,6400.74
703,79,1,1966.27
438,33,1,1964.63
1512,36,1,8090.25
342,47,4,5234.38
1472,22,4,4682.33
156,15,4,7951.95
421,2,2,5562.96
828,55,4,2306.55
1301,57,3,9156.91
1472,95,1,7043.77
1502,9,2,8745.0
1747,52,1,4985.65
800,12,1,1494.92
1708,13,1,7172.6
1859,10,4,6244.84
1264,77,4,9242.15
700,21,1,2495.8
247,69,1,7318.31
151,58,2,2551.71
1649,43,3,1813.94
1217,44,3,9522.36
215,59,5,4497.98
1976,85,4,5914.11
500,50,1,1712.13
499,80,2,4652.76
1243,27,3,8021.09
517,7,3,3801.09
983,32,1,7042.58
1460,72,1,4515.29
623,79,2,9362.91
553,50,1,1256.25
201,49,1,9262.01
890,29,1,3526.25
1467,42,1,5147.23
1318,70,2,5750.94
1538,62,2,1596.15
331,65,5,1501.63
948,60,3,4221.34
1145,85,3,6945.78
1749,59,2,5040.02
597,36,4,5742.68
1248,39,4,5178.75
1815,18,2,593.98
1956,95,2,4187.44
850,18,5,1579.92
1631,17,5,7340.29
1827,50,4,4530.91
1814,1,1,4457.45
1103,89,2,3480.09
1475,88,5,1612.58
194,85,4,3483.3
1500,37,1,7658.98
310,75,1,826.65
141,94,3,3621.87
1266,43,3,8322.14
805,45,3,5167.1
1690,75,4,8859.29
1217,58,2,2443.84
1751,2,5,9054.27
1837,93,4,8890.46
1227,94,4,7749.46
844,23,2,2151.7
1030,94,3,252.73
520,70,5,2629.26
523,45,1,5616.22
587,98,5,7905.43
824,32,3,9696.4
1673,33,2,3434.86
1224,8,2,8829.35
878,67,2,1834.5
1195,11,5,6504.86
912,30,3,4398.5
876,80,3,214.55
534,26,5,1805.38
1706,59,2,914.74
1824,50,4,8050.97
1981,61,3,8433.5
442,59,1,2722.93
1021,95,4,7377.4
199,81,4,9497.09
1759,18,5,9601.83
1745,34,3,3556.2
508,62,5,8535.61
374,48,4,8320.8
1330,4,2,5443.18
266,95,3,9073.04
865,30,4,8970.13
1624,82,3,9735.11
971,23,5,3084.98
108,35,2,4462.97
917,15,2,7690.33
1347,12,2,5487.75
1326,28,5,4759.12
1320,74,1,3432.21
1321,48,5,1059.5
1325,40,3,315.08
731,42,4,7893.84
1844,92,1,8299.56
1898,37,5,1770.23
818,100,2,171.87
298,82,4,4691.64
1097,98,4,4103.11
1058,96,2,3893.3
1394,76,4,1365.94
642,96,5,1195.0
181,79,4,1353.54
247,25,5,7813.77
1715,1,1,6940.11
978,73,2,4117.74
30,47,5,177.95
459,8,4,753.87
572,85,5,3559.24
777,31,3,3599.07
640,12,5,7614.95
526,12,1,7016.91
669,6,1,9172.34
1783,49,1,5063.76
985,26,2,2539.1
1185,16,2,3885.48
1040,3,2,5992.22
190,67,3,9273.33
432,62,4,1163.41
728,47,5,5236.7
27,71,4,7468.73
1060,37,3,5869.58
272,82,3,9441.61
1998,40,5,9649.53
164,28,1,1586.87
57,85,3,1045.96
449,2,5,6594.14
622,37,1,5730.36
813,88,1,6726.59
1540,27,3,6463.15
272,91,1,7195.64
1385,96,1,2832.04
1649,72,1,7977.52
1557,15,4,8103.21
957,64,1,5518.23
407,34,4,6529.09
608,87,4,5720.12
853,57,3,5840.99
726,98,2,5599.42
1730,20,3,6206.2
16,93,3,2985.93
1471,68,5,4903.81
1380,27,3,1990.35
382,90,3,7224.73
1552,27,5,4518.01
485,53,2,5027.88
668,48,3,2016.76
534,87,2,687.97
1194,1,5,6913.7
1500,74,4,3687.98
1735,18,4,8018.27
1339,88,1,8162.16
924,18,2,3170.14
63,77,3,5283.55
1306,66,5,1310.78
1275,85,4,8139.75
397,91,3,4577.07
1595,9,3,8253.75
788,22,1,945.03
800,26,2,7716.01
773,63,3,3749.31
1575,67,5,5861.62
716,19,5,5886.24
1946,75,3,1686.95
1798,44,4,1230.97
61,58,2,2126.46
1920,32,4,1953.8
456,4,4,1780.03
208,89,5,5576.86
345,2,2,8232.18
1732,84,2,1858.01
1392,36,2,1421.56
134,3,5,2347.88
1997,22,2,9102.33
1733,64,1,8856.22
1379,34,1,1321.49
426,17,5,4946.94
1291,10,1,6017.52
111,59,5,5197.87
610,86,1,1041.4
703,100,3,9592.33
184,92,5,448.16
150,51,2,743.72
497,45,4,4062.13
244,53,3,7896.77
383,31,3,7935.21
97,12,1,8492.24
653,68,3,7070.42
324,10,3,7903.86
1551,59,1,2681.45
141,29,2,199.83
962,6,3,2842.51
294,12,3,131.24
1631,26,1,9173.74
1972,96,3,7977.87
1785,21,4,5672.09
1900,15,5,1336.19
1188,92,1,7239.04
1588,12,4,1259.36
751,52,1,1068.26
1498,32,3,5859.24
1816,78,5,2392.33
1760,46,5,1021.45
709,81,5,6821.88
1172,3,1,4312.83
1201,32,2,2570.88
985,87,5,3304.54
1440,32,3,7384.54
398,85,1,3946.01
1510,87,4,9732.36
36,6,3,8158.99
432,32,3,5501.82
726,28,4,9018.32
1055,97,4,2062.77
1949,55,4,243.84
351,18,4,6617.48
1471,83,3,8984.67
365,17,1,8426.32
94,54,5,3483.23
1084,68,2,3510.09
1892,87,2,1705.84
1476,28,3,3163.2
1491,39,3,9420.98
1909,66,3,7304.36
1144,57,4,8044.06
1907,68,2,3769.38
882,67,1,6964.5
238,66,2,8690.67
647,52,3,3640.47
1679,60,4,3793.27
1708,61,1,8580.44
117,18,2,8612.8
1306,51,4,6177.33
431,1,5,6537.43
1438,5,4,5134.43
1763,1,2,8291.02
777,1,1,4178.32
1583,15,4,9850.53
1313,46,2,4465.94
1856,48,1,1791.18
1095,63,3,5282.31
1089,45,3,2903.42
1844,44,3,5021.55
221,49,5,8477.06
1643,9,1,4296.43
840,7,4,7518.83
1122,50,1,7389.72
82,32,1,3466.23
1933,85,5,6584.0
1142,79,5,9942.83
1459,86,4,5047.68
1957,74,2,9487.47
945,90,2,810.67
1822,28,3,192.37
467,73,1,5237.72
14,91,2,1986.0
336,78,3,6284.01
903,31,3,8217.38
906,69,5,5695.67
1945,50,3,6106.84
1271,25,5,7892.51
1006,33,1,1337.77
430,43,2,4555.44
1472,93,4,6896.47
887,28,2,118.77
384,78,1,1949.59
449,73,3,8281.69
1240,99,1,2062.39
1329,78,4,9860.77
1934,15,3,4913.0
1670,94,5,5370.05
185,41,2,3959.66
1744,100,1,814.24
1708,30,4,4296.84
1456,13,4,5637.68
675,76,5,2634.74
964,9,3,1892.92
1329,17,2,6367.44
1908,48,3,3491.84
525,58,5,2053.51
1843,42,2,6654.84
1,59,4,1122.58
1049,22,3,6934.24
1759,41,3,4059.74
589,61,1,2308.29
674,57,1,9082.35
135,87,5,8569.94
1947,29,3,5352.33
163,55,1,3568.84
164,47,3,2332.0
778,23,3,4579.74
1535,20,1,9902.85
1968,18,5,4370.04
1895,22,2,4537.99
1056,77,5,1552.29
249,72,5,2352.52
533,57,3,8124.72
1488,35,4,8420.73
1518,5,1,9745.84
1044,81,1,5272.43
396,27,4,4467.72
743,3,5,3651.95
1072,62,5,521.58
476,39,1,2569.46
998,2,4,9571.62
1778,11,3,4263.78
340,91,4,5982.42
118,17,2,1285.51
411,9,4,6632.5
1035,9,3,2736.19
1709,18,1,9465.83
1298,60,1,3111.64
601,32,5,5526.35
859,50,2,5183.61
346,3,1,2624.89
1339,61,3,9795.11
331,45,4,2268.49
628,100,1,6205.03
1794,71,2,2638.19
1094,14,4,1750.85
1100,73,5,8694.4
1067,11,3,1052.39
1270,7,1,4683.26
181,73,2,3161.02
1661,21,4,7540.49
556,11,2,915.11
1217,29,2,8160.41
291,41,3,5383.01
1270,95,1,5741.98
1154,73,1,1016.56
210,99,3,7613.98
1118,33,1,5431.9
1578,30,2,5136.14
570,83,4,4426.76
1874,21,2,2827.85
382,55,1,9891.06
1114,15,4,5471.26
445,61,4,6020.31
1751,60,5,3620.43
1799,48,4,4469.51
191,17,2,3427.18
903,69,2,2194.81
857,86,1,7936.32
948,3,2,1005.9
546,83,4,2092.53
381,18,1,362.31
1188,92,4,5076.45
937,82,4,7424.36
67,96,4,9092.76
46,39,4,3410.5
633,46,2,7914.82
897,72,2,5820.3
1554,74,2,9249.2
964,20,3,282.32
892,74,5,8704.69
832,83,4,3112.16
1762,33,3,5966.24
1692,25,1,2308.72
312,17,2,7755.7
419,27,2,3608.71
469,65,3,6162.08
836,64,4,7481.1
907,91,5,8574.25
164,9,5,7082.66
1735,100,4,5915.29
997,36,5,4998.13
1132,45,1,1491.01
768,44,4,4517.89
1949,59,3,2295.62
193,55,4,7217.2
1320,93,3,9774.74
1792,21,1,2264.96
1470,54,4,2140.41
1653,10,2,9228.73
839,100,4,4605.48
1043,79,1,337.85
966,92,1,4106.3
1444,59,3,5274.63
1639,46,1,161.07
1643,58,4,7435.07
1088,30,4,4841.67
1871,52,4,1824.59
1921,90,3,8655.82
1678,75,1,7445.41
1200,12,5,9515.74
1934,12,5,4969.05
695,70,3,4461.63
95,5,3,3727.61
825,92,5,5660.23
1328,16,1,7826.88
1822,85,2,8434.16
879,54,5,3755.23
813,31,2,3113.7
8,13,1,6726.14
1064,72,1,4281.13
1420,5,3,1134.0
612,45,5,2557.91
1359,65,4,3397.22
1238,2,2,2329.98
1155,84,3,8933.27
296,63,2,3434.76
1403,93,3,3631.0
685,45,3,8174.6
1576,26,1,2507.52
98,23,1,7060.8
318,65,4,1468.1
1272,60,1,6956.46
1927,10,4,2984.82
424,39,4,7904.3
1159,76,2,4677.23
1370,79,5,3176.39
1399,66,1,5866.13
856,25,3,2665.71
1149,17,2,5631.54
1411,20,3,9387.96
1850,4,5,242.65
239,82,3,9217.23
1046,73,2,706.57
1513,31,2,924.25
1075,48,5,9112.39
254,3,3,3300.59
1171,45,4,1162.35
838,63,1,1947.39
480,66,5,8898.9
1074,20,3,5803.27
21,92,3,3454.74
201,58,3,3741.8
875,63,3,5235.74
1508,2,3,9120.04
522,40,1,392.14
892,84,5,9188.46
196,71,2,1422.5
862,85,3,6560.94
1205,26,1,8628.85
937,88,3,4906.13
1959,95,2,7125.51
899,79,2,1668.24
138,34,4,3487.99
546,49,1,9915.97
244,68,4,3925.45
1453,42,3,4684.48
109,89,3,6143.97
764,37,2,2193.49
613,26,3,2514.09
865,6,2,7508.26
170,97,5,9590.21
884,24,1,853.67
1,49,2,585.96
6,60,1,8835.62
545,13,5,7308.65
796,39,4,8875.07
1437,28,5,605.0
1354,97,2,4251.61
981,76,4,2399.58
1565,24,2,7840.69
832,36,5,1492.19
1216,40,1,9050.73
696,78,3,4822.14
514,37,2,6389.67
548,98,5,9575.12
947,12,5,8504.48
1253,99,3,9154.8
1493,95,5,3386.56
1858,12,2,9524.8
1105,49,1,2512.07
1960,93,3,9096.07
283,60,3,2873.85
1503,56,3,7168.77
1686,42,5,4795.28
461,10,4,3971.58
1614,2,2,7936.82
1720,68,4,8282.16
248,33,1,2415.78
1489,31,3,1665.88
1065,1,3,8160.63
300,89,2,2454.24
1535,25,3,4591.57
1982,78,2,3181.29
531,93,3,3607.35
280,78,3,7790.82
1524,23,1,7259.56
157,19,1,5682.61
886,83,5,2906.24
252,89,5,5747.9
1472,71,4,2781.6
1008,45,2,1886.84
508,70,4,2409.04
1552,99,4,1308.71
1369,43,5,7800.75
476,41,2,1474.07
1505,57,4,841.4
1608,60,1,2491.21
1591,85,3,3730.82
161,84,5,6596.72
340,37,3,3783.02
1126,8,1,2507.47
1374,31,5,498.59
787,80,4,7174.3
1045,13,1,5031.23
1819,57,3,8306.73
570,13,3,373.28
1839,26,1,2438.53
1869,84,2,3468.04
162,83,5,1442.62
1306,56,2,6381.49
1982,3,1,5537.0
1922,8,3,7459.54
916,35,3,198.85
1314,2,2,3139.25
441,1,3,7296.22
562,74,2,5443.06
323,19,3,1486.42
343,14,4,9930.46
767,30,3,9469.15
1698,70,3,6331.79
1626,95,4,4502.28
210,69,3,2462.22
283,37,1,6673.01
1346,60,5,2173.35
1577,18,4,8988.51
733,97,1,1883.27
1066,27,3,1980.93
1510,91,5,1656.65
1748,81,1,1828.86
1230,9,2,5307.74
1606,66,2,9259.6
356,24,5,3974.91
1649,95,5,3967.45
1026,51,4,3852.31
266,68,5,5581.29
1775,15,2,7947.1
1850,44,4,5985.63
627,96,4,1947.67
1526,78,1,6722.16
1268,34,3,3106.29
1119,84,2,6915.31
1379,91,1,1814.57
1665,82,4,625.95
1349,57,5,3090.32
828,85,3,250.97
1692,7,1,1972.43
1573,91,2,3490.78
1201,36,4,7579.86
1780,95,2,2380.41
932,73,1,8491.11
227,3,2,994.32
805,79,2,6716.71
1291,93,5,8904.12
1970,44,1,5268.39
1147,94,3,7288.0
1830,92,1,5781.19
908,66,1,8482.27
215,80,4,1267.21
1826,77,2,6033.81
1778,6,5,3137.51
1422,36,3,2084.08
1431,73,3,2704.26
110,29,3,2343.23
1368,64,2,513.57
1814,80,1,1616.92
1041,38,1,5992.99
1532,76,2,6589.85
1536,87,2,9157.7
1087,86,1,2393.24
289,66,5,281.6
1964,70,1,3032.85
963,75,4,8964.8
1788,33,2,3578.18
186,14,4,4950.69
1716,63,2,4040.6
1677,22,1,6012.54
1248,53,5,6077.38
1559,42,4,6832.24
1637,7,3,5194.15
1310,2,4,5040.06
876,25,3,7504.86
1145,96,3,1192.91
1414,81,3,8169.74
507,31,2,6398.5
541,28,2,7377.53
591,38,5,314.55
833,50,3,550.41
863,25,4,3149.28
250,78,1,8760.92
284,68,1,9606.62
1194,84,2,5858.81
1137,74,4,2050.4
558,44,2,665.49
854,53,1,8314.25
679,13,5,7228.28
1233,11,2,9174.43
198,58,3,5565.1
259,81,2,9936.07
1624,62,5,8410.94
1492,75,4,4238.17
1960,12,4,4449.85
1865,49,3,7354.29
996,19,3,3958.98
1248,55,4,4717.51
1659,40,1,7116.26
1657,78,3,5388.36
628,85,5,7765.89
590,7,4,1338.79
431,100,1,7530.97
594,64,4,4705.04
1266,64,5,3788.14
926,49,5,8365.22
1226,13,1,7115.28
1888,3,5,413.39
374,65,1,1196.37
1123,15,1,1778.34
1883,87,2,2546.65
1198,76,2,8083.1
1199,96,4,4740.89
531,39,2,8605.68
836,24,3,8427.72
1976,97,3,4811.81
341,35,5,407.58
993,74,1,4571.08
435,74,5,832.71
568,63,4,4386.56
830,1,4,4288.36
1725,63,4,8689.86
1247,55,2,5678.67
1742,11,3,5001.73
278,79,4,8162.56
1958,87,3,4882.82
1670,55,3,1772.26
1086,40,5,107.19
1728,76,5,2255.14
1095,18,5,6571.51
289,20,4,9058.96
1949,21,1,2915.8
1751,52,2,6281.92
7,21,4,3431.2
200,37,3,9957.34
365,82,4,581.01
1449,57,4,2111.25
507,65,5,6711.26
1022,71,4,5940.7
1520,34,2,9956.21
504,81,5,3937.64
522,90,2,6842.98
1871,86,4,6067.12
1546,13,3,3947.58
1096,82,1,8305.34
1508,8,5,9269.43
1611,30,3,1224.03
895,90,5,3334.62
966,74,5,4678.79
1639,79,5,7998.77
1325,39,2,1443.69
1455,19,3,8437.86
226,56,4,5978.36
541,79,1,4275.08
1651,15,3,3617.8
1171,79,2,6854.15
1363,27,1,726.47
284,72,1,697.89
434,89,4,6719.62
1318,27,4,9477.31
871,85,3,6094.66
484,92,4,4308.51
962,87,3,6169.12
1520,78,2,8623.87
1129,56,3,7380.98
673,10,4,1251.88
736,73,3,6371.63
238,40,2,362.76
1902,29,4,3424.48
269,57,5,1387.93
463,10,1,6255.95
511,7,2,3602.06
1503,10,2,756.29
1381,23,3,1432.38
1628,17,1,3100.27
1439,17,4,1167.04
1015,47,5,5653.99
254,76,5,7911.85
60,36,3,3564.56
1675,63,1,5686.43
518,40,5,4431.45
1854,29,2,3697.4
1826,32,3,5323.32
237,83,1,8209.33
680,27,4,5665.85
189,34,5,7195.01
1746,78,4,9037.57
1095,66,3,8611.89
1220,38,3,1250.83
408,87,5,3806.45
681,4,3,1136.38
1256,23,3,780.26
1696,20,2,6623.49
291,2,3,3076.75
715,2,2,480.51
1014,43,5,7236.01
330,36,4,2591.08
1630,55,3,7878.17
501,87,4,1615.76
548,25,4,3350.22
1001,36,1,4090.74
1155,11,2,936.68
860,11,5,4846.08
10,8,5,2335.01
23,78,3,7989.2
895,88,2,2470.55
1455,48,5,3475.88
787,17,5,6404.38
1816,11,1,1701.84
1625,27,1,3989.71
1782,66,4,3068.2
827,5,3,3445.85
1481,52,3,3746.71
791,88,2,7598.45
1705,52,4,2057.04
925,62,5,9530.84
519,98,4,2249.36
1393,34,2,766.58
1111,35,2,3186.86
115,44,4,6184.17
1370,6,1,2984.37
716,94,5,8388.35
952,2,3,8232.81
86,71,2,4008.19
1452,31,3,3261.0
1125,50,5,4015.94
551,49,5,9310.25
297,56,2,9860.78
1463,34,1,6704.82
1983,51,5,9512.67
1124,43,3,1318.09
95,5,3,4747.08
1488,29,3,7678.87
1524,75,3,8731.92
1515,75,1,7878.02
924,44,4,8598.61
1081,25,4,8523.26
892,100,3,998.23
123,49,3,2618.57
455,33,4,6219.55
1638,15,1,8681.16
767,66,3,9746.23
1173,23,2,7359.91
669,6,5,2028.26
16,91,3,3434.58
1587,50,3,9915.63
1718,48,2,5482.29
845,93,5,8563.07
1123,33,5,313.91
36,53,2,5905.17
29,51,4,2951.97
956,52,5,735.57
1970,38,5,3625.34
1111,46,5,4346.01
1538,39,2,3875.55
393,73,5,6826.38
1607,82,4,611.16
484,77,1,9897.28
188,78,3,7810.58
295,27,5,3868.14
1364,98,5,6663.56
646,20,1,5816.94
116,30,3,5217.64
1574,95,1,6871.1
73,74,4,2717.86
21,28,1,7774.42
1570,60,3,1657.27
1381,96,2,4683.95
1434,8,2,3945.41
1783,11,3,7261.61
1923,89,4,6640.18
936,20,1,1342.56
654,4,2,3242.01
1630,60,1,1571.42
661,70,5,3549.74
1320,20,5,8194.74
1710,79,3,3440.05
1594,83,4,8875.97
1175,94,2,8601.61
1913,16,5,8983.28
1423,73,3,8922.14
298,7,4,6636.06
338,48,2,8410.47
579,74,2,5306.45
445,30,5,6956.58
910,21,3,8260.46
1436,41,3,5580.97
1404,13,1,9325.59
699,36,2,3334.92
454,24,4,5692.35
375,82,4,5473.75
679,22,2,8730.1
1626,75,4,6944.99
320,45,4,3408.13
761,8,4,6442.48
631,58,4,4218.24
136,1,3,8818.59
88,30,2,7580.33
1949,93,5,2106.65
998,4,3,2889.7
1504,62,2,9893.62
914,95,4,343.22
21,51,1,576.52
746,74,3,8392.74
737,11,4,7027.23
794,31,5,3236.98
1901,64,5,7935.18
685,73,3,9718.94
707,67,3,367.8
550,33,3,5991.05
935,29,1,2133.18
1735,76,1,5678.65
232,17,5,9722.42
1206,66,1,7096.24
1164,67,1,900.1
336,73,1,5454.0
1772,66,4,6126.04
368,55,2,1979.25
129,15,4,326.02
1589,89,1,1058.27
1536,29,1,6817.25
519,43,4,9357.95
267,75,2,4565.69
153,92,4,6261.09
1223,58,3,5998.23
1135,81,5,4401.49
1790,79,5,9537.58
1386,4,3,9751.67
975,26,4,7848.16
1326,32,3,5731.72
1278,48,2,793.09
565,29,2,3026.24
398,93,2,2788.12
51,98,5,2360.0
1626,67,5,3923.49
374,54,4,4799.31
590,61,2,8354.76
576,64,5,1855.76
1411,48,2,4364.04
903,88,2,1817.01
1418,26,5,6059.97
929,39,1,3371.58
255,56,1,8945.79
452,18,3,2955.99
1862,31,5,7763.91
1425,58,5,8824.38
1116,62,1,5711.97
14,39,1,4049.55
762,80,3,823.32
1340,12,3,1792.89
1846,12,4,663.54
1332,42,2,4638.12
1520,93,3,2522.05
470,96,3,4959.11
445,68,3,2522.04
333,35,5,6326.76
1555,3,1,7283.73
292,46,5,6245.61
1033,16,1,9765.49
942,46,4,1185.19
1678,30,1,6221.6
684,97,3,1088.06
470,42,2,1696.78
1730,55,4,1631.75
843,69,4,5164.24
674,64,4,1243.6
297,13,4,5511.6
1427,11,2,6291.6
1448,44,3,6798.27
139,56,1,6305.53
1941,19,1,2003.0
1912,84,1,6552.51
1668,95,5,7071.01
714,23,2,9479.13
742,99,1,5505.31
256,84,2,6974.2
1791,43,3,802.74
1300,63,3,8142.7
472,83,5,8364.67
19,82,3,4872.1
708,38,5,2579.09
241,67,1,248.24
1088,56,5,8982.79
1402,24,2,6141.23
531,98,4,9103.74
344,69,1,3458.16
1054,31,1,8517.67
229,94,2,4262.19
1026,92,3,8733.28
781,54,2,9517.21
1323,81,3,7454.22
816,52,5,4820.77
1984,1,2,1233.2
1743,43,3,595.07
639,95,1,9914.44
671,3,4,9383.68
988,4,4,9819.93
169,63,5,1971.56
918,3,4,7926.08
683,32,5,1600.15
958,4,1,293.53
622,6,4,8622.22
1596,23,4,6980.31
554,9,4,9975.96
439,99,3,4390.16
988,66,3,4322.57
759,9,5,8714.11
323,87,1,748.1
1276,61,1,3476.52
702,31,4,5636.6
1367,19,4,9716.23
708,48,2,5412.38
1372,63,5,4867.66
1087,45,1,6371.97
362,5,5,9292.06
1857,59,5,861.66
26,91,1,1375.12
713,61,1,8491.83
1388,74,5,4871.24
1653,83,2,1160.99
1231,32,4,3055.95
1778,15,5,6043.95
1411,21,1,3235.82
297,47,5,5854.68
1137,54,3,8509.94
1067,63,2,2662.8
1717,85,1,2844.62
1541,52,3,8880.64
969,65,4,9676.63
1299,30,5,2554.38
452,100,1,9403.83
422,35,3,851.0
1224,48,3,5938.45
1778,33,5,6238.5
1949,20,3,4040.91
883,7,3,1927.38
1590,24,5,949.19
1876,56,5,412.96
1225,73,3,6980.13
1819,86,1,6553.02
1202,84,5,898.09
66,12,3,1481.59
160,93,4,406.8
1679,49,3,7816.72
611,29,5,8442.55
1991,1,1,6903.3
383,66,3,3731.31
1184,28,5,6043.58
1682,59,2,2479.66
349,40,1,992.15
1619,24,1,9012.72
1075,61,2,9279.65
750,99,3,8751.21
502,46,2,5252.53
1409,81,1,2703.46
631,31,2,8093.17
116,10,1,7497.82
1970,50,5,2275.92
1473,57,2,5790.36
1028,22,1,388.99
1143,57,2,760.13
1275,61,5,9396.93
747,94,2,4840.51
1741,14,3,341.21
546,28,1,4719.29
244,62,2,9729.69
348,54,5,6390.43
668,37,4,3464.46
725,27,5,2467.63
1861,53,4,3982.29
1303,42,3,3593.77
1064,70,4,9545.73
534,60,1,9339.57
1855,66,3,801.37
743,64,4,5609.7
1543,84,2,1279.75
582,7,5,8369.98
94,46,4,2338.06
1688,20,1,9510.08
700,90,1,2943.72
473,35,3,9151.77
107,96,3,2359.74
69,98,3,7184.37
1862,66,4,2906.86
1247,7,5,5325.1
337,3,4,404.15
1263,88,2,9467.39
1704,83,5,1069.0
310,75,1,9797.0
1108,17,3,6268.74
659,28,1,9616.57
1041,99,1,382.33
1353,30,5,6499.3
808,46,5,8966.47
1712,5,1,9632.35
1712,49,1,3671.92
777,100,1,8936.09
1671,88,1,9428.11
814,25,3,8437.34
1010,29,5,2134.04
1021,49,5,7330.49
1960,26,2,6611.02
1761,35,4,7461.51
1617,27,2,5715.96
345,96,1,2689.39
51,28,2,7993.09
433,70,3,1890.82
105,13,5,304.79
74,21,3,3398.52
1734,90,4,5684.45
1168,11,1,3266.58
1921,82,2,337.54
1854,16,1,1387.15
1689,44,2,4156.74
1317,46,1,519.68
945,6,4,1888.39
59,87,4,7213.51
1994,68,3,1412.35
134,72,3,5279.9
1957,66,5,899.63
975,94,1,126.86
639,39,5,1586.42
1279,14,3,7768.84
1146,10,4,9850.93
495,76,5,8375.23
86,19,5,6089.23
562,47,5,225.36
1893,49,4,2679.5
1381,39,4,9575.3
1311,19,1,947.93
1269,44,5,7870.95
1034,79,2,4734.41
626,62,3,7193.07
1083,62,4,6091.1
298,12,5,6688.42
579,82,5,4471.1
947,77,5,302.83
581,14,1,4770.08
1981,94,3,7479.26
1187,17,2,6364.26
491,65,1,345.39
1377,14,4,1432.41
1553,81,2,2730.27
690,5,2,5165.02
222,52,2,4711.02
535,2,3,7594.27
1608,38,5,5640.9
232,14,5,2399.79
714,67,4,9429.91
68,84,4,4911.39
1730,100,5,2260.61
1829,7,5,6726.18
527,2,2,9486.62
485,75,4,8033.82
1615,51,1,1208.88
516,7,2,2803.25
1295,58,3,5178.03
741,76,3,4724.45
1888,26,2,2767.94
1244,70,4,9987.66
1340,77,3,4436.71
643,54,5,5974.97
1904,3,4,9095.8
710,34,2,9120.46
308,78,4,2148.91
434,9,1,3247.04
798,70,4,7198.75
1405,24,4,3633.42
918,91,1,5182.45
1994,67,3,5343.17
1763,35,5,329.81
471,71,3,1694.35
1811,7,2,8352.85
559,17,3,3046.79
1252,39,4,7272.38
819,61,2,7761.52
844,97,2,7578.1
1040,39,3,424.38
664,77,2,1752.7
1149,13,2,8946.84
189,21,3,8988.18
717,62,1,7298.32
1582,70,1,7307.91
338,18,5,1701.27
698,13,3,1267.88
1896,8,5,4152.76
1173,87,4,6855.96
911,40,3,5854.31
1100,81,3,4157.49
109,90,2,4813.21
184,89,5,8027.33
1035,16,3,5532.29
1222,54,2,1049.14
292,77,3,6290.91
212,71,1,9661.06
597,74,4,4900.47
1589,46,3,4653.16
1775,63,3,5856.45
1198,91,3,5982.95
1564,30,3,1056.3
547,34,3,7060.41
1255,26,4,4827.66
341,54,2,6733.74
660,23,3,957.97
103,23,4,8165.26
941,93,1,6087.72
656,28,5,7869.58
434,84,3,4987.61
1631,8,2,9823.32
1432,69,5,7472.05
602,72,5,2951.31
685,22,3,4120.65
308,8,1,3127.14
1956,17,1,3778.22
834,8,3,9756.3
1040,7,4,2820.45
1823,19,4,6838.99
281,4,2,7509.71
30,18,4,5825.63
806,42,1,5838.95
1285,6,3,7579.59
1595,8,1,291.43
1611,59,2,3658.01
1302,94,3,2597.48
995,31,3,6391.95
843,59,4,1686.41
1815,5,3,9575.86
107,9,4,4953.79
859,75,4,3974.61
1098,82,5,2964.09
1796,35,5,3202.24
1871,2,5,8888.59
977,28,5,6427.77
199,45,3,4462.47
1771,4,5,9633.11
854,57,1,5171.69
1706,78,1,9076.72
662,88,2,361.67
1406,66,1,5517.0
852,27,2,3998.46
1757,75,2,3614.03
504,43,2,7575.82
780,22,2,6007.46
1819,55,1,5366.82
892,98,2,5187.4
227,34,3,7900.97
848,7,4,9922.46
1619,99,4,5191.07
1689,20,5,3585.06
707,37,1,3912.43
885,50,3,2164.54
1159,59,4,6785.0
1669,71,3,9291.01
1065,34,1,1980.38
1070,62,2,4868.23
852,8,2,9687.33
515,16,5,577.43
201,28,5,6783.44
447,36,2,9796.66
533,47,3,9285.68
1627,50,5,3456.29
1550,37,1,3538.19
983,91,5,4360.0
714,69,2,7578.8
1612,94,2,3119.62
1951,93,4,4236.86
16,50,1,1692.69
827,57,5,2418.16
1014,65,4,466.95
1211,53,3,9617.67
1034,98,3,4652.09
990,54,3,6492.93
592,63,1,1618.46
37,95,1,7815.56
45,39,4,7931.33
1387,42,5,9137.88
1396,6,3,2739.26
1245,79,3,8044.1
693,29,5,5197.03
276,76,4,9608.63
1900,52,3,2646.61
1094,52,2,3833.74
1284,55,5,5025.34
241,93,5,2095.67
1657,11,1,9538.94
1433,16,5,1756.97
820,31,1,4701.84
1161,3,3,4327.22
1798,73,4,9789.32
241,59,2,5520.61
970,2,5,2101.67
380,63,3,6243.37
1971,66,4,6879.51
1220,76,5,8896.93
1896,37,5,6914.81
804,38,5,9428.86
245,79,5,4903.36
53,50,2,7407.61
1528,58,3,349.94
615,83,1,5044.37
1202,50,4,124.31
668,10,1,6706.95
1842,71,4,4182.53
1183,46,3,5393.94
1195,76,1,8959.37
1018,64,3,8593.48
246,20,5,1554.94
1654,4,2,169.21
150,11,4,4526.31
488,24,5,1959.0
537,8,2,5008.26
1791,64,4,2638.35
495,62,2,4404.5
1815,84,4,3453.32
1369,47,4,2668.75
1549,94,1,6850.25
569,6,2,2227.18
869,59,5,5962.28
552,9,5,661.4
197,3,2,1193.83
904,96,4,9818.87
452,40,2,3157.78
1394,47,5,6194.82
1523,60,5,5701.35
854,59,2,2362.15
547,87,2,5871.2
1189,24,2,4663.92
483,20,1,8251.19
1869,73,3,6786.74
992,85,2,208.29
175,78,5,3249.48
1296,1,2,5136.68
1261,31,4,2756.61
1791,41,3,2591.92
1325,43,5,1473.85
810,12,1,462.64
165,9,4,5661.49
1397,98,2,7917.18
1982,95,3,9375.21
1911,22,2,1721.86
1390,24,1,6154.37
1853,7,5,8603.59
1123,50,2,1559.53
308,87,1,5923.73
1646,88,1,5092.29
1568,77,1,9447.59
1335,55,2,1297.13
910,100,2,9888.0
714,67,5,5116.41
1431,28,3,8743.96
847,42,4,4138.45
693,61,2,1578.16
366,60,3,4759.28
864,7,5,1726.98
522,37,3,816.39
1459,81,3,9203.53
420,18,1,9592.97
1010,57,2,3622.88
867,39,2,9308.53
1484,60,3,4783.29
65,98,2,1810.79
973,67,1,8481.37
1707,62,2,457.16
368,71,2,7927.19
1533,99,3,5863.29
769,49,3,9638.12
1133,1,1,7697.33
1690,25,1,5653.41
145,10,2,7132.76
1013,17,5,2216.33
1695,29,2,3687.11
451,11,1,4975.78
1292,64,5,5888.25
1345,86,1,2519.17
1092,25,3,4215.98
99,1,3,522.29
846,39,4,4045.33
1931,73,1,5072.8
1855,31,5,1419.51
1616,84,4,9875.46
220,100,2,2639.2
247,82,5,5367.14
169,1,4,9241.3
531,56,5,6209.0
1856,46,2,1718.04
1511,20,2,5641.79
1675,56,3,2630.91
1323,95,5,1652.81
254,20,2,3218.76
1827,79,1,9154.12
1500,67,2,3940.77
772,35,3,4552.77
1507,68,4,8594.45
317,58,3,4866.01
521,85,4,3542.5
327,29,1,3276.07
1013,76,1,4295.77
1894,90,2,3074.06
249,7,1,6292.84
1856,72,1,8718.76
1693,32,2,5146.82
1384,47,5,9863.74
1025,46,5,6055.79
1876,1,4,7584.84
283,83,4,6480.98
1466,5,1,6082.02
465,86,4,6607.34
778,27,5,8303.26
1927,90,4,3555.82
1927,66,4,4618.8
404,100,5,6118.76
1561,52,4,8603.39
61,61,3,9737.72
1758,36,3,6911.61
1762,1,5,8014.14
388,38,5,4689.68
1304,91,4,2278.69
824,51,4,1262.4
115,47,4,4625.06
78,48,4,8747.86
1515,61,2,466.73
1248,34,5,8393.66
1397,32,2,9606.91
1430,61,4,7671.31
552,11,5,3292.63
1510,41,1,5086.66
1102,63,1,1754.53
1533,79,2,4712.33
34,17,2,6080.43
115,59,3,3824.14
1937,69,4,9174.68
631,32,3,4389.25
220,46,5,8993.19
1635,80,5,3440.89
1039,98,4,8273.3
1712,15,5,2527.91
1209,13,5,7751.92
479,40,4,2014.28
1387,3,5,5329.24
1782,47,4,4289.8
325,79,4,3774.7
349,31,1,8627.22
567,65,2,3960.65
618,43,1,3439.25
1141,37,2,3618.49
793,54,3,9625.19
787,31,4,8622.51
1323,54,3,8781.16
1209,26,5,8499.51
632,1,4,2579.81
1609,36,3,8933.79
819,60,2,191.74
1489,10,4,1884.88
1164,23,1,291.89
559,12,5,1476.46
1460,89,5,1011.37
862,20,4,3300.18
260,66,3,5525.5
41,21,2,8520.56
885,16,1,7100.26
393,98,1,6620.15
222,98,4,8113.11
1632,16,4,5016.15
238,86,1,2419.38
1036,1,5,3690.97
1000,6,3,2329.29
977,46,3,7127.97
1870,66,5,8416.01
1414,17,2,4047.47
747,9,1,5897.67
974,59,1,8032.54
1304,26,4,2919.02
1692,77,2,6941.27
1052,62,2,9826.5
755,67,5,8156.58
396,85,4,9337.97
397,36,3,6415.04
253,33,1,4111.1
1819,37,4,3538.61
184,39,5,4026.11
1246,38,1,9526.94
937,55,4,8443.12
1334,89,2,3568.93
1113,71,5,1173.56
1553,54,3,7088.23
949,29,3,4784.74
1870,16,3,6677.91
1432,32,4,5394.13
268,77,3,4517.49
308,40,1,9729.03
623,8,2,6326.86
521,37,5,9718.76
740,5,5,7288.61
187,49,5,8837.42
433,24,5,4647.21
1201,54,1,9888.09
505,96,3,3936.85
1725,76,1,1394.63
1513,62,4,4298.66
1729,71,3,5926.14
1049,82,5,3570.09
1238,93,3,2021.06
1199,47,4,1437.35
1449,36,2,5338.05
1549,98,3,649.89
421,9,1,6553.47
436,27,5,5012.87
1527,62,2,8931.06
125,90,3,5028.56
270,10,5,7426.1
960,89,3,3176.71
73,63,2,6849.31
1707,35,5,3622.68
64,97,5,8596.42
1687,31,4,7582.53
1783,27,2,115.24
591,92,1,2845.16
1972,23,4,8162.14
1164,7,4,4222.28
316,26,2,819.91
298,51,5,332.88
952,71,5,7080.6
462,88,3,2316.23
1713,87,2,9701.75
1215,91,3,4553.56
723,27,2,2114.13
304,88,5,8537.48
539,5,3,513.93
925,92,2,6331.94
998,45,5,2102.26
982,38,5,4565.98
514,87,3,1299.29
828,87,3,5888.07
596,25,2,9159.39
1292,90,4,5901.38
1761,15,4,1617.35
1437,89,5,6591.48
1660,73,1,459.93
1583,23,1,1315.58
1431,71,1,7194.24
540,64,1,7272.72
1645,1,1,179.28
1748,3,4,7982.0
1770,75,3,6865.79
1352,96,5,233.24
1914,77,2,3671.9
953,51,3,4611.39
698,28,1,9745.5
299,69,2,7450.02
1309,60,2,9650.74
1931,21,4,6462.61
583,56,4,8614.5
1688,70,3,5971.77
959,83,1,3706.83
1452,90,3,4356.68
1010,91,2,2875.99
513,72,3,9232.56
1626,31,5,4676.87
1881,25,2,3406.28
160,87,4,4049.34
1799,44,5,7669.35
508,29,3,968.15
1241,55,5,338.91
1770,65,5,9260.91
532,90,3,4768.48
304,21,3,671.39
455,93,2,4504.86
1890,56,2,3422.43
1672,31,3,159.65
1329,20,1,2595.28
782,41,2,9371.07
987,9,1,3552.72
306,94,2,1438.26
1669,97,5,9554.26
1038,20,2,7398.92
1143,60,3,2041.58
540,25,2,8514.7
1965,47,3,601.13
476,39,2,308.23
1998,78,2,9847.54
1698,57,4,1322.09
268,37,5,9814.75
87,2,5,1192.06
1262,18,2,5746.87
857,90,3,609.0
1766,40,3,5502.61
1475,85,1,4973.96
244,79,1,8416.93
55,64,4,5802.14
1731,16,4,3888.03
1176,65,2,219.57
295,79,5,3525.68
1156,2,4,5847.13
414,65,4,6540.03
484,65,5,7332.76
770,62,2,1821.66
1004,84,5,4958.29
1715,41,1,6209.21
1469,45,3,2050.26
6,27,3,7009.68
69,71,5,1958.25
179,8,3,4795.04
1919,70,2,4905.26
204,99,4,1938.86
337,76,2,7852.86
1946,65,1,6974.14
22,52,5,1969.62
395,91,2,4420.93
877,64,4,8091.11
1447,30,4,6054.77
392,99,3,4938.68
585,93,5,143.32
267,20,2,5728.71
558,35,3,6825.45
734,27,3,1209.35
104,49,5,808.42
982,72,1,2911.23
912,29,2,6339.64
1281,81,2,4749.0
1407,62,4,3127.52
452,42,4,1376.73
1738,74,5,9621.61
91,29,5,2555.76
787,29,4,1228.73
1117,55,3,7819.5
449,93,2,2880.19
1014,85,1,5647.71
808,40,5,5025.97
1214,23,4,4466.89
1861,67,1,8827.14
1806,9,5,7292.89
391,56,4,5334.5
1949,64,1,7979.92
1830,66,4,7056.81
758,79,2,1627.77
1929,61,3,1912.91
1045,43,1,4976.29
723,1,5,8077.96
769,72,4,9595.65
1607,18,2,4278.71
1936,18,5,579.79
1732,17,3,9682.71
1909,30,3,7930.95
1959,79,2,9385.54
993,66,4,9658.96
856,43,3,6455.23
853,6,4,7747.14
222,72,3,2429.19
1428,19,4,9909.07
1694,87,3,2619.1
24,48,2,6179.29
1445,91,2,8013.27
95,87,5,8207.31
1637,36,5,6735.48
971,88,2,1480.89
1320,7,5,2341.03
1398,85,3,416.39
663,55,3,4361.93
277,5,5,9190.0
1174,58,4,1884.62
1560,2,1,9228.89
177,71,2,9712.51
154,76,1,3881.45
1939,66,2,9746.16
575,19,1,1442.92
1800,12,1,4114.76
95,72,4,6445.37
388,71,3,3783.38
1155,100,3,9236.65
854,52,3,9449.52
1744,44,1,4525.42
1444,19,4,6226.35
1009,94,1,7190.34
1554,55,5,4547.07
78,37,4,1807.79
36,37,4,7115.99
778,39,3,5331.83
1645,1,3,8195.87
1690,68,5,2640.19
928,23,3,689.01
1965,76,1,8850.68
1565,77,2,2814.75
1573,99,1,609.0
1490,14,3,831.68
1098,9,4,6310.54
1727,85,4,6572.19
1679,27,3,4270.3
605,63,2,507.63
1354,57,3,8538.89
1139,88,3,623.29
1713,48,3,5593.75
1765,63,4,9739.14
1196,61,5,6398.08
454,34,5,1152.71
1608,87,3,9201.92
793,19,1,1626.49
565,31,5,983.21
858,92,2,6489.12
1891,50,2,4297.6
328,84,1,7129.9
1721,68,4,3980.96
422,62,4,6625.53
189,9,1,2444.53
1564,49,4,9221.34
225,91,2,9478.79
278,29,1,579.61
726,48,5,9546.66
1123,6,3,286.0
1820,27,1,5625.19
1535,35,1,8312.2
259,38,1,6900.18
1495,64,3,8280.95
249,61,1,7137.1
1924,33,1,6821.78
190,85,3,5400.86
103,44,3,2362.41
1306,77,2,4108.21
702,99,1,3377.67
593,7,2,5122.02
699,37,2,2062.93
238,53,2,218.33
420,10,5,7630.14
1273,83,2,7973.41
718,56,2,844.53
308,98,1,6164.64
1368,23,5,2045.31
1720,1,3,2079.44
328,22,5,1813.57
242,88,5,9542.3
61,65,4,2795.66
1595,11,5,5953.23
1701,52,3,9484.82
1445,63,3,4059.45
1237,20,5,6150.03
190,72,4,3585.47
555,99,3,5765.99
957,58,1,6138.41
52,53,2,8915.65
1718,3,2,4285.85
1974,40,5,2584.44
97,23,2,3514.97
1303,32,5,1019.47
1092,63,1,9606.29
1718,71,4,859.08
709,63,2,8528.75
1441,28,3,4972.29
1982,37,4,2256.7
1727,35,1,6012.78
1054,88,2,2692.68
466,82,3,5239.06
367,33,5,7012.69
808,61,5,329.8
995,2,4,8344.85
1563,7,5,2162.43
1174,31,5,929.79
1370,91,2,5705.19
1118,88,4,7096.29
767,46,3,6570.25
1571,61,2,2301.29
1069,36,3,967.8
1528,71,2,7347.14
571,5,1,9029.51
1046,67,5,8407.17
1537,76,4,9375.91
1406,30,3,2835.38
672,45,5,8138.35
912,54,3,8904.11
674,65,5,8309.26
875,15,2,1369.25
1561,70,2,7243.0
611,58,2,3960.53
127,55,5,2000.79
1552,23,4,9143.18
112,72,5,3297.0
1367,15,5,9028.88
1799,48,4,8836.37
1080,49,4,1731.69
1420,14,4,3427.81
1791,35,3,2513.28
1774,74,1,7739.31
1503,44,2,134.02
1529,64,3,7316.94
200,47,4,2056.05
754,66,3,9119.27
1421,74,3,9112.33
1504,21,4,7492.36
1062,53,2,4052.98
680,54,5,5207.67
1057,53,2,7961.6
726,44,5,2231.33
851,96,1,2709.52
999,71,1,8036.55
524,80,3,5194.9
698,38,5,1966.26
1000,31,4,7809.02
1184,13,3,1268.68
1902,91,1,1741.59
131,91,5,5050.08
1799,59,2,7279.69
1412,33,2,4026.14
282,53,1,5971.79
1503,24,2,7019.06
1968,35,1,4393.76
196,55,5,3907.16
1496,92,5,6823.47
1171,93,5,9309.16
675,67,3,2908.08
1324,15,1,2685.31
1710,40,1,3747.83
973,70,5,3027.58
233,32,4,6123.89
1368,45,2,2870.11
1397,53,2,9647.06
1388,12,5,7265.69
1634,93,3,9040.54
521,7,2,149.11
1016,62,2,5435.61
1592,43,2,3332.53
1550,37,4,4749.17
1930,51,5,7824.76
1851,29,2,7720.96
428,81,4,6582.85
696,93,3,3263.81
1875,92,5,409.86
717,10,1,1829.98
1892,42,2,6351.47
518,85,1,6528.39
250,96,4,8013.07
1714,48,4,2640.54
1545,36,2,8548.74
1934,23,5,5140.96
1228,89,1,369.54
195,69,5,3927.07
599,29,3,4779.05
654,30,2,6035.63
782,41,3,2806.6
1120,56,3,1811.86
886,6,3,7033.44
1916,17,5,7878.23
1574,28,4,8162.35
1547,14,1,1472.28
199,67,2,3519.87
1937,25,3,3200.55
367,21,5,6825.26
354,40,2,7970.8
129,39,4,4030.34
1658,20,4,3743.89
1486,32,1,4620.69
1377,11,5,2160.73
1606,59,4,5193.89
1680,7,2,8485.19
459,4,1,418.02
1661,27,4,9627.81
1715,55,4,1228.69
157,12,3,5993.78
1453,8,3,2042.19
1763,2,5,8847.23
368,35,3,5873.74
1841,96,3,2366.61
1754,8,5,3198.5
1910,92,3,407.79
495,26,3,5207.8
509,28,4,225.58
391,80,2,6600.66
698,95,5,2647.23
766,64,3,6846.48
450,17,3,8124.48
1477,77,4,666.08
1878,17,3,1923.16
1867,40,3,8092.22
149,15,5,4872.75
42,99,1,2298.48
1474,62,2,5853.24
1514,5,2,1174.24
1016,17,1,1816.63
1129,81,5,6070.22
430,77,1,2386.77
884,6,2,169.64
221,78,3,8485.85
379,42,5,6260.61
255,41,2,8756.42
1380,88,5,7406.68
1948,96,1,4372.6
1618,11,2,2377.39
194,31,5,2291.26
556,80,4,1231.9
926,2,3,857.99
571,61,3,1744.63
1574,6,2,509.72
582,57,1,7221.37
1871,90,5,4445.94
1838,95,2,5025.26
626,26,5,3779.78
738,41,2,9446.93
1850,51,1,759.98
2,27,3,3003.84
1071,34,1,9347.92
1626,12,1,7953.69
634,80,4,7107.51
1741,38,1,7592.42
1222,69,3,9690.47
54,83,1,2468.97
806,78,4,8355.22
306,41,2,5490.06
1567,5,3,8877.54
788,94,2,6737.16
807,19,4,9184.33
1664,16,2,9092.53
966,72,4,634.21
594,12,1,9676.25
328,19,4,5871.53
1908,16,2,1589.7
1137,24,5,3777.78
386,30,3,9993.45
1974,48,4,4137.16
641,29,2,3263.14
158,3,4,8389.32
1222,59,3,4114.12
1334,72,3,1540.36
1363,96,4,4182.05
1680,89,1,9863.88
676,52,1,5708.98
1234,89,1,6935.26
477,4,3,9180.09
904,41,3,4573.96
1438,60,5,6273.32
1066,50,5,5130.54
627,19,2,4346.09
1593,46,1,9739.32
990,65,2,9506.48
394,19,4,8485.75
1426,4,3,5809.81
1927,2,5,906.78
2,1,1,3049.49
564,96,3,6255.46
1076,13,4,3500.99
926,73,5,5303.18
174,55,2,7282.55
884,85,3,4778.22
609,43,3,9936.0
1272,33,3,6343.79
1030,96,4,3101.15
1085,31,3,7824.49
1280,48,2,9760.91
1420,36,1,9631.7
1309,67,1,9215.76
1436,97,3,953.02
217,63,4,8837.35
559,84,4,6903.01
1483,82,2,467.9
1741,24,4,2857.3
359,77,1,7074.78
258,84,3,9309.24
222,100,2,7049.64
1123,35,4,1932.57
1366,66,4,6057.58
447,41,5,3278.96
1879,82,3,9291.43
1661,26,5,3843.47
1070,52,1,7163.66
1471,76,3,8400.15
628,86,3,1073.97
1492,33,2,1275.4
899,69,3,3846.77
1692,9,3,3231.13
1765,14,2,9905.47
1125,53,5,9462.89
582,83,3,5680.97
1531,63,2,739.53
432,79,5,2900.93
1801,81,4,430.34
804,50,3,2494.35
1700,91,4,3742.34
882,50,1,1333.19
1713,42,5,4030.05
1001,4,3,6813.42
156,54,2,3350.44
1123,27,3,1925.44
131,40,4,4360.7
1818,45,2,1281.01
1260,14,3,2525.94
906,89,1,874.21
1126,21,1,1105.92
689,78,4,5948.82
864,100,4,1690.84
1008,50,5,943.38
679,76,2,4513.91
889,75,1,7534.89
1900,71,1,5798.96
1652,18,1,9694.7
435,5,2,7362.39
1272,100,2,9406.0
1080,40,4,2096.88
1843,4,3,4495.74
494,89,5,8716.28
1533,43,3,1531.99
256,78,5,6825.27
1478,67,3,9746.45
799,27,4,6481.22
1896,86,3,2332.9
209,77,2,8079.25
1980,35,5,9740.15
467,6,1,3181.98
454,25,3,4572.58
1795,7,2,5419.21
25,30,5,9133.32
1070,100,1,4918.66
1323,38,4,1540.2
436,34,5,7210.63
955,50,5,988.2
531,86,3,2834.47
309,3,3,2396.95
987,70,2,2856.5
416,23,3,4708.73
1273,70,3,7600.86
1642,46,1,4058.72
1639,31,2,4124.75
399,22,2,1904.73
788,63,5,5677.96
1521,34,4,1501.97
1446,69,5,7872.51
546,81,3,5599.16
194,68,5,8177.22
866,97,5,1608.04
1322,2,5,8271.48
863,10,3,5065.01
1772,84,4,9405.84
1759,16,2,583.57
993,39,4,6297.03
1339,13,3,9710.9
177,7,4,1321.19
1373,57,3,8251.28
600,7,5,8567.54
416,39,3,647.61
169,88,3,5040.02
1766,58,4,6987.77
1145,4,1,5341.83
512,7,5,5354.63
943,11,2,9253.24
1253,42,5,7209.22
1215,63,3,6831.53
1206,88,1,5636.07
1667,80,2,8945.37
1491,37,4,8513.62
821,25,4,5369.91
223,17,2,6715.01
378,69,3,4921.03
741,68,3,2937.26
888,73,1,9412.55
1044,95,3,4258.66
1659,6,1,9606.05
270,21,3,2164.29
1798,25,3,2291.64
48,22,5,7888.01
1209,44,4,1999.01
1628,15,2,1977.31
1946,15,3,9150.85
598,26,5,2131.76
1267,66,1,3854.89
795,98,2,6086.51
1892,8,4,9637.62
1253,30,3,7863.89
591,69,3,7499.63
625,25,1,4733.12
1436,79,3,8182.35
1964,81,1,4555.83
785,70,2,5876.77
730,58,4,9127.93
915,2,3,9001.02
1352,82,5,6379.35
1391,46,3,4577.47
1332,17,4,250.33
1222,16,1,430.87
1609,22,3,9986.61
758,90,1,1149.04
872,77,1,3036.3
1299,10,4,7175.76
1755,87,3,9699.44
764,97,1,7490.89
1089,95,2,2378.82
1728,96,4,8595.8
325,44,3,5532.65
1567,99,3,751.89
1934,32,1,8459.71
1294,79,2,8603.98
678,63,1,2985.41
1692,9,5,933.44
1830,39,5,6601.39
1457,43,3,7489.88
1783,40,4,9272.54
1646,96,4,1780.12
1222,95,1,5465.84
1770,4,3,4167.07
1443,40,5,6210.51
1488,2,3,2228.56
524,79,2,3290.29
1692,89,5,4753.27
1173,28,4,3388.35
950,9,2,7533.87
90,94,1,2606.19
1569,36,2,3564.41
255,54,5,3655.96
935,3,5,1857.56
1830,73,4,1439.81
1358,80,3,8755.75
1133,97,1,2993.39
1212,89,3,2432.96
290,52,1,1604.12
840,60,5,5319.76
830,27,4,2938.05
944,40,2,9679.84
846,43,3,8299.08
1990,4,1,3134.01
523,51,1,3353.71
146,97,3,8491.31
598,89,2,9472.47
1488,34,5,8640.23
1607,96,2,3835.5
161,39,4,8824.01
1072,26,3,4431.56
981,26,5,2229.87
1711,97,5,6717.17
101,100,5,9668.06
1565,37,3,779.62
1423,18,4,5356.21
112,14,3,6109.45
1931,72,4,1004.98
445,75,5,7269.3
1633,92,3,8790.36
376,46,1,9770.89
1331,49,2,1349.2
1075,68,2,7565.56
118,51,3,5711.48
1407,45,3,3439.76
637,40,1,8513.39
699,37,3,823.49
750,52,3,7701.13
1925,4,4,1195.6
429,47,1,7834.38
1117,73,2,3403.33
1663,82,4,7983.9
954,23,5,1086.91
855,93,5,5532.74
1473,37,2,946.2
1470,10,2,9011.27
947,55,1,1953.66
1834,87,4,5330.12
732,3,1,2811.13
925,29,5,4631.58
1571,48,1,1624.56
378,90,5,3571.49
1864,78,2,6423.9
1045,34,5,2316.29
18,95,5,8273.43
832,72,1,8640.6
1252,10,4,3132.97
561,92,4,4215.24
126,47,1,5741.42
397,4,4,3882.63
1386,14,2,867.97
446,52,3,2878.26
18,62,1,6358.97
25,36,4,6878.87
1599,67,4,7206.27
1644,79,1,5769.9
401,82,5,4493.82
1240,41,5,6760.61
