customer_id,order_date,total_amount
158,2026-02-05,6723.32
389,2025-05-30,17733.33
80,2025-07-05,12756.53
110,2026-05-09,7503.11
324,2026-04-06,1395.79
378,2026-02-10,654.39
420,2025-07-21,6793.42
299,2026-03-24,17758.58
110,2026-02-14,7435.12
348,2025-10-30,17103.19
352,2026-03-06,18175.08
402,2026-03-11,13865.98
401,2025-11-30,10262.62
397,2026-04-26,11363.04
258,2025-09-26,19489.71
121,2025-12-31,19985.22
224,2025-05-30,8944.66
449,2025-07-23,12702.34
153,2026-02-23,5240.21
352,2025-10-14,2915.96
230,2026-04-07,17197.06
463,2025-10-01,1703.71
324,2025-08-15,15521.65
444,2026-05-10,3418.58
416,2025-11-23,8839.14
379,2026-02-20,8994.24
241,2025-07-05,5027.95
322,2025-06-12,17843.53
423,2025-11-15,4106.71
179,2025-08-23,13598.68
396,2026-01-07,19408.33
296,2025-06-16,1009.79
363,2025-09-14,11184.59
112,2025-05-31,2645.71
231,2025-11-09,14106.01
218,2026-03-07,10281.77
238,2025-06-20,12668.56
242,2025-07-09,1127.82
184,2026-02-07,11615.81
454,2026-05-04,18577.02
420,2026-02-09,7698.64
443,2025-10-08,8637.17
102,2025-11-10,2252.35
441,2025-07-25,2123.3
270,2025-10-06,4341.99
433,2026-03-15,2106.3
37,2025-10-02,16174.76
430,2026-03-17,10444.4
439,2025-08-02,14889.17
498,2026-04-08,9096.11
170,2025-06-10,14081.38
470,2025-10-26,15163.38
91,2025-10-02,5339.5
237,2025-11-23,1653.21
408,2025-06-13,7330.72
21,2025-08-17,19359.66
125,2025-11-21,11145.16
317,2025-09-23,19534.67
145,2026-01-09,14079.9
287,2026-04-18,14043.26
295,2025-07-19,13989.27
227,2025-07-29,7236.81
16,2025-07-26,15957.77
330,2025-10-18,13251.14
132,2026-01-31,16008.89
392,2026-01-21,12947.96
311,2026-04-20,15375.62
466,2025-11-11,12835.06
429,2025-11-11,7016.58
468,2025-12-04,18724.14
135,2025-08-21,845.83
279,2026-04-30,12881.48
492,2025-07-08,4314.24
323,2025-09-20,835.52
44,2026-04-24,16088.29
14,2026-01-31,15026.77
440,2026-01-23,8497.75
333,2026-05-23,18167.02
132,2025-12-28,16506.03
163,2025-06-20,8908.64
253,2025-12-14,3484.49
275,2026-05-05,2686.17
205,2025-08-29,16651.21
296,2026-03-03,13012.18
488,2025-11-22,7831.32
34,2025-07-04,13696.94
199,2025-11-20,16138.59
118,2025-12-05,3915.78
417,2026-04-17,17476.03
470,2026-05-23,2062.7
109,2026-05-14,11670.98
399,2025-11-03,13665.53
289,2025-07-09,16709.41
266,2025-12-30,17865.73
454,2025-09-24,17455.12
208,2026-03-14,7974.65
298,2025-11-29,9409.97
451,2026-05-18,13772.43
184,2025-06-08,8906.04
453,2025-10-17,664.57
363,2025-06-29,19343.5
57,2025-11-08,11187.99
75,2026-01-09,5297.67
34,2026-03-18,5249.29
131,2025-08-18,16059.18
233,2025-10-29,13445.58
190,2026-01-21,5326.16
431,2025-07-22,10025.73
78,2026-01-16,17744.49
15,2026-04-01,1028.82
344,2025-07-18,11506.11
207,2025-12-03,2031.44
199,2026-05-12,10413.78
79,2025-06-07,5311.99
91,2026-01-19,2797.11
109,2025-12-31,2774.01
401,2026-02-17,15395.77
449,2026-01-08,4809.26
66,2026-01-22,11479.99
228,2025-09-15,14835.2
75,2026-01-20,2507.67
459,2026-04-15,5910.14
468,2025-08-02,2210.7
391,2025-10-12,5694.55
483,2025-06-13,9796.25
283,2025-12-16,6006.22
450,2025-08-16,4757.17
261,2026-03-12,1285.7
155,2026-04-05,4091.46
398,2025-12-22,2297.04
174,2025-09-17,2221.2
108,2025-12-29,14001.61
304,2026-05-03,3853.31
229,2026-02-02,2597.3
390,2025-07-16,9606.32
194,2026-01-30,12436.79
426,2026-03-04,17668.84
405,2025-11-04,19288.4
55,2026-03-28,16996.45
472,2025-08-15,19389.6
409,2025-11-06,17535.08
177,2026-03-26,13151.71
111,2026-03-04,2565.85
118,2025-06-15,19058.03
460,2025-08-17,14126.89
389,2025-06-15,7358.8
488,2025-06-16,7946.72
492,2026-04-23,6691.53
389,2026-03-26,4671.89
337,2026-01-13,14185.94
38,2025-06-21,19899.18
67,2025-07-02,9684.19
316,2026-05-15,13140.08
497,2025-09-21,12958.97
110,2026-01-04,3194.77
230,2025-11-29,19808.38
140,2026-01-24,1312.05
453,2025-06-13,15945.28
113,2026-02-19,1011.0
411,2025-07-18,4918.78
410,2026-04-11,18005.8
447,2025-07-28,16702.03
284,2026-04-25,6034.75
110,2026-01-22,18945.61
328,2025-10-15,14550.18
265,2025-07-10,6229.12
475,2025-09-20,4086.04
223,2026-04-06,2824.77
361,2025-10-19,877.83
371,2026-01-08,18703.27
280,2025-08-12,14144.95
199,2025-10-09,13323.05
225,2026-05-28,13998.67
484,2025-10-14,16194.4
143,2026-05-14,5510.61
91,2026-03-22,1572.63
91,2025-11-11,2166.97
79,2025-10-02,4614.3
183,2025-10-12,14942.38
105,2025-06-15,7242.71
300,2025-08-08,19417.96
68,2026-01-20,10069.11
371,2025-11-30,9405.69
409,2026-02-07,9067.48
317,2026-01-02,5698.69
310,2025-06-09,15932.77
494,2025-12-26,15031.56
498,2026-03-20,8514.51
57,2025-07-26,3014.92
462,2025-12-16,7723.51
465,2025-07-16,2955.12
267,2025-09-27,19147.33
418,2025-12-23,13318.71
131,2025-07-06,17434.75
403,2026-03-29,15764.68
228,2026-03-07,8823.88
78,2025-08-31,4553.93
494,2025-08-31,13665.77
179,2026-05-27,1595.97
12,2026-03-27,13611.86
419,2026-03-19,12612.71
437,2026-01-04,2826.52
281,2025-08-20,3204.69
442,2026-03-01,5242.79
218,2026-05-02,11698.74
19,2025-12-31,18161.76
414,2026-02-24,8524.56
206,2025-08-31,4985.08
117,2025-06-02,14676.19
103,2025-06-15,16296.45
189,2026-01-31,17699.43
420,2025-07-13,8805.42
361,2025-09-03,7821.85
15,2025-10-08,15906.74
180,2025-12-19,10456.08
176,2025-11-13,17896.98
491,2025-06-20,8677.52
79,2026-04-16,3871.0
395,2026-03-20,6789.16
406,2025-10-21,12566.34
273,2025-12-05,8401.72
331,2025-08-09,4229.18
220,2025-12-06,7858.3
380,2025-07-26,18072.07
270,2026-02-19,8138.58
307,2026-04-07,1238.71
132,2025-10-06,11601.87
452,2026-02-07,16069.23
458,2026-01-01,5540.64
76,2026-05-15,1410.18
88,2025-07-05,8431.74
347,2025-10-02,10544.48
266,2025-08-21,5143.17
396,2025-08-06,19626.29
277,2026-03-23,11864.09
20,2026-03-04,4275.03
94,2025-09-28,16207.65
286,2025-07-20,8571.23
373,2026-03-23,12198.71
61,2025-11-23,9174.77
154,2025-09-06,6214.07
425,2025-08-26,7247.91
260,2025-09-22,11178.52
243,2026-01-03,5760.77
316,2025-11-15,9415.86
396,2026-04-04,4504.46
37,2025-06-10,9821.31
56,2025-06-28,6075.15
482,2025-09-26,12601.75
244,2026-03-01,16376.18
48,2025-10-21,12820.7
422,2025-12-31,2582.96
264,2025-12-29,782.79
302,2026-02-03,5768.66
352,2025-12-25,18141.16
45,2026-03-23,8253.65
429,2026-04-01,1770.57
74,2025-08-04,9268.62
98,2026-01-28,4351.57
32,2025-06-27,10304.16
383,2025-09-29,4237.66
311,2026-04-12,18567.6
84,2025-08-17,1349.45
256,2026-05-14,14934.44
419,2025-08-10,4115.43
249,2026-02-12,11231.09
396,2026-03-13,10992.25
353,2025-06-20,10324.35
300,2025-09-08,13272.98
385,2025-10-30,13014.8
326,2026-04-01,17000.74
453,2025-11-04,668.81
480,2025-10-30,4584.74
199,2025-06-24,506.45
183,2025-10-24,6240.36
464,2025-07-05,18383.95
80,2025-08-14,15254.0
329,2025-05-28,16769.0
412,2025-11-19,12014.2
67,2026-01-27,13165.31
118,2025-12-31,4784.19
285,2025-05-28,3693.36
489,2025-06-19,2731.6
148,2026-04-10,18272.46
343,2025-12-04,15601.51
130,2025-10-09,8929.19
79,2025-10-18,19653.08
417,2025-05-31,567.39
351,2025-07-05,12894.73
64,2026-04-26,13313.26
296,2026-01-27,5840.98
139,2025-05-30,14432.19
415,2026-04-01,10192.71
193,2025-11-07,10701.16
147,2025-08-16,16408.76
351,2026-05-15,4103.67
62,2026-05-02,3106.04
396,2026-04-08,5678.34
68,2026-03-03,3470.73
299,2025-09-26,7814.39
161,2026-01-03,18757.05
28,2025-07-29,13310.98
366,2025-08-25,4633.26
314,2025-06-10,11875.77
361,2025-11-17,16653.13
302,2025-06-11,9882.4
236,2026-03-03,6429.55
352,2026-03-30,7228.62
430,2025-07-20,10021.34
486,2025-07-20,9785.02
372,2025-07-24,18471.78
408,2026-05-13,6038.9
152,2026-05-07,15060.63
360,2025-11-13,6634.5
262,2026-05-22,11901.85
390,2025-08-19,19516.44
405,2025-06-11,7194.28
11,2026-01-03,5792.97
445,2026-03-10,7630.96
377,2025-09-01,15111.3
309,2025-11-15,11103.2
499,2025-12-13,4183.89
375,2026-03-09,5940.44
78,2025-09-09,18420.23
381,2025-10-14,13236.61
159,2026-02-28,10137.0
79,2025-12-28,1884.78
197,2026-05-01,17623.65
161,2026-03-26,5389.85
320,2025-11-12,1559.47
138,2025-11-06,8233.35
399,2025-06-04,6928.8
189,2026-04-18,9446.74
122,2025-11-29,17640.0
108,2026-03-11,2091.42
319,2026-01-25,10054.48
355,2025-10-07,19801.82
325,2025-09-05,17792.64
419,2025-05-29,8864.46
196,2026-03-19,10721.38
345,2025-07-19,7942.21
452,2026-03-06,12259.49
254,2025-09-17,15471.56
205,2025-09-10,18744.09
371,2025-07-16,5887.94
259,2026-05-09,11063.3
176,2025-12-03,3112.88
171,2026-03-02,16263.12
95,2025-11-19,2540.44
292,2026-04-19,18232.32
132,2025-10-11,2686.51
306,2025-12-30,11509.71
107,2026-02-21,5933.78
487,2025-08-21,16992.3
239,2025-06-10,9971.32
385,2025-07-07,8570.17
189,2025-06-10,17216.07
58,2026-03-26,8046.19
354,2025-11-19,1290.49
136,2025-09-20,14040.9
175,2025-08-04,16958.4
396,2025-08-18,3861.93
381,2025-12-29,1230.47
34,2025-07-09,5115.21
244,2025-06-01,12434.52
4,2025-06-20,7229.81
290,2025-12-16,4652.93
22,2025-07-24,19021.46
402,2025-06-13,4955.1
69,2025-07-20,10290.96
431,2026-03-26,828.02
394,2025-10-20,13393.07
453,2025-10-01,18462.92
411,2025-08-22,2694.49
244,2025-10-21,4442.92
180,2026-02-19,9760.93
248,2025-10-08,17293.14
299,2025-12-20,3572.8
177,2025-05-28,5544.82
15,2026-01-21,2049.82
365,2026-05-20,6904.41
54,2025-08-04,545.12
29,2025-06-15,1141.47
189,2026-03-10,8396.74
450,2025-11-11,13246.25
186,2025-06-21,5464.34
139,2026-03-16,18799.79
356,2026-04-19,9373.9
58,2025-12-15,931.22
119,2026-01-23,12599.87
121,2025-12-08,12012.53
390,2026-05-21,12213.63
185,2025-10-12,9090.11
302,2025-07-01,9034.5
174,2025-08-27,1329.95
115,2025-08-22,8159.81
3,2025-07-11,19211.59
240,2025-12-01,12458.37
66,2025-06-26,18216.75
190,2026-05-21,6149.72
137,2025-11-14,12198.0
37,2026-01-08,14941.21
30,2026-01-20,1571.65
161,2026-02-27,16062.32
127,2025-08-15,5240.82
113,2026-03-14,19966.56
97,2026-04-23,7169.14
342,2026-02-16,2470.75
326,2025-11-06,17654.41
64,2025-10-17,4671.32
437,2026-03-26,608.87
372,2025-12-14,12198.72
180,2025-08-14,18723.26
243,2026-04-24,19349.9
180,2025-10-24,9358.3
56,2026-01-17,14144.61
454,2025-09-14,5541.28
37,2026-05-12,12841.27
182,2025-10-10,15172.11
100,2026-01-02,3939.55
290,2025-07-06,3644.27
341,2026-01-28,6897.37
480,2026-04-06,6129.73
267,2026-05-19,2340.23
107,2025-08-24,9933.08
412,2025-08-20,15823.03
486,2026-01-15,3461.34
340,2026-01-11,7704.12
413,2025-12-12,2351.04
258,2026-03-23,18232.3
452,2026-05-21,1795.6
366,2025-11-26,2149.18
351,2025-08-26,14892.06
275,2025-09-02,5117.1
5,2025-06-29,2910.11
31,2025-09-09,19493.53
277,2026-01-09,18587.8
332,2026-05-20,6260.49
118,2026-04-23,2233.69
467,2026-01-16,8369.68
47,2026-03-05,10532.86
366,2025-07-17,938.21
347,2025-08-20,7190.01
433,2025-10-24,13423.18
358,2026-04-03,17120.16
245,2025-10-09,15336.16
117,2025-06-25,11361.49
41,2026-01-23,3033.18
81,2026-02-13,10095.24
286,2025-10-07,11303.33
291,2025-07-17,19602.38
72,2026-03-24,3454.09
283,2025-08-27,17570.52
109,2026-04-04,7306.44
386,2026-01-31,12747.07
279,2026-03-10,13836.18
139,2025-09-24,15582.35
248,2025-09-13,1158.24
187,2026-02-13,10854.01
367,2025-11-19,12170.21
445,2026-04-08,19561.55
372,2025-11-15,13056.02
355,2025-07-11,13002.25
114,2025-10-24,18496.93
338,2025-11-04,5578.6
449,2026-01-20,9677.83
181,2025-06-17,14949.47
23,2026-01-20,2758.46
310,2025-10-31,2929.62
264,2025-06-08,9232.77
403,2026-04-24,2710.99
246,2025-11-06,11036.85
88,2026-04-08,6148.93
384,2026-03-14,8668.33
490,2026-02-14,3402.05
209,2026-02-04,12287.96
307,2026-02-13,19677.85
54,2025-08-30,2518.01
104,2025-10-30,17892.13
463,2025-07-11,15247.67
234,2026-02-01,2307.9
438,2026-01-10,2001.6
49,2025-12-02,19746.47
189,2025-10-24,1315.28
418,2025-06-15,16777.7
147,2026-02-25,1743.22
164,2026-02-22,10005.79
138,2025-12-17,4170.94
132,2026-01-16,4499.76
309,2026-01-21,17080.56
20,2025-09-19,14976.02
215,2025-09-27,19683.31
233,2026-02-04,16198.04
304,2025-09-29,17549.97
149,2026-05-16,11362.28
19,2025-12-27,14889.42
403,2025-07-26,1040.1
35,2026-02-24,9418.37
312,2025-10-22,17151.57
65,2026-01-11,16755.76
254,2026-01-08,12467.68
242,2025-08-04,6509.03
451,2025-07-10,18588.73
410,2026-03-13,3551.44
109,2025-12-06,15854.54
122,2026-03-10,9834.98
16,2026-04-18,3334.7
471,2025-09-15,12851.47
183,2026-01-13,14504.79
36,2025-11-10,16312.81
302,2026-01-29,5188.55
332,2025-10-08,16829.67
231,2026-05-05,19113.32
275,2026-01-16,14631.21
239,2025-06-15,7633.16
430,2025-09-17,6406.44
246,2025-09-10,16772.03
472,2025-09-10,18210.35
406,2025-06-09,12745.06
176,2025-07-28,17147.83
176,2025-10-25,1021.55
430,2025-07-08,9436.67
112,2025-12-05,16677.62
242,2025-10-22,5544.95
9,2025-10-06,7960.42
44,2026-02-13,1784.24
319,2026-04-01,19291.68
42,2025-12-24,721.11
162,2026-03-15,5965.64
66,2025-06-29,5278.53
56,2026-04-28,6861.35
238,2025-11-02,16794.16
141,2025-08-23,17664.88
66,2025-12-29,14509.89
166,2026-04-04,5684.43
2,2025-06-03,11133.99
221,2025-09-24,7702.12
360,2026-04-13,3774.42
488,2026-01-26,6846.03
341,2025-08-06,4454.67
115,2025-07-05,7936.14
201,2025-06-24,2879.74
320,2025-06-23,8225.11
434,2026-03-28,10155.88
49,2025-05-28,4486.85
302,2025-10-12,6231.59
45,2026-02-06,11102.43
319,2026-01-20,4658.87
345,2025-12-17,3919.06
439,2025-11-12,2156.56
433,2026-02-22,10554.57
401,2026-05-28,6256.79
205,2025-08-27,18469.54
435,2025-06-11,19449.34
427,2026-01-16,9955.53
447,2025-08-25,19582.61
160,2025-06-28,1237.25
410,2026-05-03,17692.75
369,2026-01-14,9274.6
318,2025-09-20,18791.43
238,2026-03-05,10241.1
102,2026-01-26,3812.24
147,2025-11-27,3241.96
399,2025-11-11,13763.13
427,2025-10-21,15052.75
398,2025-08-31,12923.35
353,2025-08-27,13030.12
231,2026-03-30,18071.04
479,2025-06-03,15915.2
448,2025-12-11,19327.91
23,2025-08-29,12239.92
79,2026-05-21,9371.89
428,2025-08-22,2690.38
111,2026-01-12,19423.2
254,2025-08-06,17416.83
374,2025-07-15,7034.44
322,2026-04-29,4765.58
266,2025-10-07,7876.31
382,2026-01-20,9751.87
127,2026-04-03,11504.69
444,2025-10-11,1657.98
341,2026-05-19,4481.52
355,2025-10-18,15489.23
344,2026-01-20,16789.55
297,2025-09-01,18542.9
47,2026-01-28,1319.23
368,2025-08-31,17859.02
240,2025-11-25,12094.17
413,2025-11-23,3110.55
46,2026-04-23,16933.45
67,2026-02-19,10442.73
111,2025-06-27,12481.96
370,2025-11-13,12807.12
356,2025-10-06,11973.92
21,2025-12-03,5198.77
260,2025-08-06,14918.55
233,2026-03-05,5136.97
480,2025-06-29,5834.46
382,2026-03-02,16048.35
378,2025-09-30,11865.14
79,2026-03-17,18906.64
109,2025-11-08,18604.14
495,2026-04-08,4121.27
104,2026-02-27,1428.11
62,2026-03-14,18160.77
140,2025-06-02,18866.21
318,2025-06-01,10595.06
136,2025-06-23,847.99
167,2026-03-08,8536.39
102,2025-08-20,16050.09
41,2025-10-04,8830.99
413,2025-10-13,14021.74
405,2025-07-03,5393.84
481,2025-12-21,6014.14
410,2026-01-18,13761.89
260,2025-09-18,8024.53
32,2025-08-20,17004.02
90,2025-08-11,7222.42
229,2025-12-06,16894.82
34,2025-07-09,5397.2
293,2026-05-18,918.54
211,2025-07-17,3510.34
42,2026-02-03,10819.65
248,2026-03-21,8382.04
300,2025-06-14,1294.19
198,2025-12-06,13217.8
99,2025-07-31,17509.14
446,2026-01-26,13805.88
304,2025-11-05,11384.11
458,2026-05-07,12962.58
303,2025-12-13,1816.91
336,2026-01-29,16576.23
496,2025-10-12,2827.68
272,2025-08-20,7367.55
12,2025-07-17,14807.48
119,2025-12-12,16503.1
161,2025-08-24,1404.84
318,2025-08-13,8792.71
351,2025-06-08,17885.72
265,2026-02-20,3157.73
276,2026-05-16,2600.53
373,2025-07-30,10288.55
63,2025-11-11,10428.47
219,2026-01-23,12521.03
85,2025-07-21,16713.02
173,2025-09-15,15274.3
471,2025-08-30,18486.87
28,2026-05-06,19621.6
482,2025-05-31,2058.75
7,2025-06-16,18015.68
32,2025-10-07,13591.94
336,2026-01-12,15179.49
336,2026-05-12,8408.22
39,2026-04-27,3942.5
159,2026-05-24,5846.4
249,2026-05-18,9353.84
373,2026-03-20,9353.85
218,2025-06-04,18711.86
244,2026-03-19,959.17
114,2026-03-05,19178.61
14,2025-07-02,13124.49
4,2025-07-14,7965.25
23,2025-11-30,6139.59
29,2025-12-24,4763.83
443,2026-05-21,3413.16
253,2025-11-09,19475.28
437,2025-12-07,2189.65
195,2026-01-11,6998.98
104,2026-03-23,9809.05
233,2026-05-09,18915.87
495,2025-11-06,13942.11
167,2026-05-01,17652.87
154,2025-10-07,10811.6
383,2025-09-04,12791.11
129,2026-03-16,11207.21
335,2025-09-08,2987.87
35,2025-11-08,1933.83
331,2025-07-25,7541.0
175,2025-09-11,10021.94
299,2025-11-11,1190.5
307,2025-06-17,19017.81
190,2026-04-23,6230.91
459,2025-10-30,17075.08
178,2025-08-31,4755.64
394,2026-03-16,9259.42
256,2025-06-01,790.45
330,2025-06-09,14415.67
434,2025-06-11,14212.73
452,2026-01-12,10184.33
148,2025-09-09,19707.66
339,2025-10-06,10248.58
24,2025-06-10,19439.44
468,2026-04-23,5836.58
162,2026-02-16,3220.41
382,2026-04-06,17463.3
235,2025-09-10,3549.02
473,2026-05-01,16689.71
11,2026-03-18,6378.35
336,2025-12-22,12753.25
223,2025-08-25,7081.54
90,2026-04-12,2164.9
303,2026-03-31,12288.72
328,2026-01-17,18057.68
349,2025-11-18,17894.34
66,2025-08-02,18451.92
350,2026-05-07,5667.32
6,2025-10-23,9000.99
118,2026-01-17,16088.09
360,2026-02-04,15136.94
336,2026-02-26,8575.1
171,2026-03-21,18607.3
430,2026-04-21,10076.4
368,2026-04-06,4539.81
324,2026-05-12,12000.06
472,2025-08-22,8086.57
128,2026-02-01,10684.84
82,2025-10-27,16687.61
234,2025-05-31,18097.93
155,2025-06-24,1127.64
179,2025-10-25,1852.92
388,2026-03-09,924.8
338,2026-05-09,13936.01
273,2025-07-18,12408.08
480,2025-08-09,19694.69
167,2026-05-04,14299.04
234,2025-08-03,17592.67
490,2026-05-19,9241.15
458,2025-06-16,2130.24
129,2025-11-21,6468.01
203,2025-12-19,11317.55
348,2026-05-10,17037.95
50,2025-06-29,3773.36
353,2025-12-30,1086.45
165,2025-07-29,14307.34
464,2026-02-05,11517.07
469,2026-04-23,12232.77
248,2025-10-25,9279.46
340,2025-06-04,13459.37
434,2025-08-07,7294.33
373,2025-10-03,7042.96
25,2025-07-06,12720.76
74,2025-08-31,18229.72
326,2026-05-26,3519.23
343,2026-01-10,3140.01
345,2026-03-02,2360.71
238,2026-01-09,17599.37
481,2026-02-12,6285.9
420,2025-08-02,10271.14
215,2025-08-31,18996.74
42,2026-03-31,1387.09
350,2026-05-15,14402.8
431,2026-05-18,2539.26
262,2025-12-10,3725.97
446,2025-07-13,17199.92
74,2025-08-16,3275.72
137,2026-05-05,10741.05
444,2025-09-30,642.29
405,2026-02-08,7679.05
128,2025-08-09,2417.68
484,2025-06-30,9506.19
285,2025-12-29,15519.56
98,2025-10-15,10326.67
129,2025-11-12,18997.85
498,2025-10-19,6100.14
82,2026-03-11,18875.46
184,2026-02-12,16754.93
263,2025-12-07,4473.79
97,2025-09-23,3120.61
377,2026-04-12,2046.14
52,2026-03-24,10773.13
83,2026-05-11,14188.24
3,2025-09-03,14057.23
456,2025-08-18,5875.42
4,2025-07-25,12386.18
368,2025-11-16,14250.44
241,2025-10-14,10957.29
6,2026-05-22,9339.26
389,2025-09-10,14538.69
163,2026-04-15,3295.51
421,2025-10-09,6965.8
250,2025-09-13,16471.86
460,2026-05-26,8641.58
224,2025-07-24,8620.44
404,2025-11-06,6907.2
477,2025-08-09,16576.71
73,2025-07-18,3673.66
468,2025-06-08,8112.91
470,2025-07-23,11274.8
442,2026-04-10,19753.56
464,2025-10-24,3260.97
281,2025-08-06,12404.71
52,2025-10-16,1498.18
61,2025-06-14,17419.59
274,2025-08-12,12642.31
93,2026-01-23,16187.08
496,2025-11-08,12212.81
179,2025-12-18,16621.19
455,2025-08-20,5834.46
299,2025-07-06,9013.15
123,2026-02-10,14884.09
158,2025-10-22,5145.23
377,2026-05-19,16075.27
44,2026-03-14,19205.89
103,2025-08-29,8067.11
308,2025-11-07,12004.64
17,2025-07-26,6683.89
455,2026-02-05,8101.51
158,2026-04-03,10331.77
32,2025-10-30,10042.29
29,2025-10-26,19820.66
417,2025-09-13,14130.93
446,2025-12-24,6247.98
218,2025-10-12,10336.35
437,2026-01-10,12692.47
356,2025-07-17,6353.25
114,2026-01-10,15831.93
200,2026-05-23,7156.83
169,2025-11-09,8354.29
5,2025-06-21,12160.59
106,2025-06-07,4828.81
344,2025-12-04,10740.65
54,2025-09-13,6770.08
285,2025-10-28,17134.52
292,2026-04-08,11055.38
331,2025-12-07,11422.04
268,2025-11-01,15018.02
88,2025-08-06,18911.61
325,2026-03-04,6507.93
195,2025-09-28,8535.55
371,2025-08-09,3458.42
24,2026-05-18,12010.35
249,2025-12-20,12272.09
271,2026-05-11,1462.69
159,2025-11-04,3107.75
283,2026-01-29,13832.71
66,2025-10-05,6599.0
267,2026-04-08,10391.09
190,2025-07-10,16177.4
215,2025-11-10,13242.18
353,2026-03-26,19464.45
269,2025-12-06,1672.88
143,2025-11-19,18125.07
143,2025-09-15,2819.0
15,2026-03-23,7238.11
440,2026-05-07,12845.51
208,2026-04-13,9007.15
447,2026-02-04,11228.87
50,2026-05-04,17199.52
257,2025-09-10,12822.02
24,2025-08-16,11256.46
174,2026-02-18,6957.67
224,2026-04-10,15106.15
260,2025-07-22,12813.63
245,2026-02-18,14128.39
500,2025-06-07,7755.05
86,2025-12-15,10119.23
139,2026-02-06,6349.75
53,2025-09-19,1413.3
425,2026-03-15,3935.84
325,2026-01-15,12287.94
287,2025-12-02,8449.7
410,2025-10-28,19903.36
276,2025-08-21,10976.61
151,2025-09-25,13109.32
235,2026-02-08,16076.05
229,2025-10-23,17401.42
472,2025-12-11,13610.72
194,2025-11-05,9801.66
131,2025-11-04,17449.11
430,2026-01-27,12067.28
497,2026-05-10,9785.1
223,2025-08-27,1236.62
475,2025-09-08,8463.95
142,2026-05-10,14649.85
19,2025-07-30,14891.72
453,2026-03-21,10720.47
392,2026-01-10,612.69
136,2026-02-13,3654.48
226,2025-06-21,19887.37
3,2026-01-26,8652.13
120,2026-03-28,9728.79
70,2026-05-03,18569.1
420,2025-06-14,8591.06
91,2025-11-20,13995.27
485,2025-06-07,14664.21
66,2025-07-22,12093.25
70,2025-12-08,2379.19
429,2025-10-25,3795.5
215,2025-09-24,18469.33
180,2025-06-22,5401.55
324,2025-10-14,14116.37
268,2025-09-30,8137.33
215,2025-10-24,17109.97
213,2026-02-13,3033.09
434,2025-11-01,19764.75
115,2026-01-14,2807.18
470,2025-10-18,13137.19
103,2026-01-22,15704.16
237,2025-06-03,19743.48
370,2025-09-14,16714.6
295,2026-02-14,11113.19
369,2025-12-11,3446.69
323,2025-07-15,5193.02
411,2025-07-08,633.98
242,2026-05-27,7299.23
170,2025-07-03,10920.17
120,2026-04-20,18301.74
131,2025-11-21,8513.13
483,2026-04-26,9692.82
137,2026-04-21,3199.85
129,2025-11-02,15147.82
120,2025-11-03,1653.82
144,2025-12-30,12304.42
439,2025-07-09,2551.56
461,2025-07-03,5040.89
389,2025-07-08,17401.1
478,2026-03-26,4781.47
360,2025-09-09,18521.52
353,2025-11-05,14841.04
292,2025-07-02,7228.39
288,2026-02-02,11689.05
158,2026-05-12,9963.39
124,2026-02-27,5254.08
317,2025-07-21,7186.3
82,2026-03-17,4019.72
273,2025-06-14,4186.29
393,2026-04-02,15909.12
493,2026-02-19,648.76
105,2025-12-27,687.23
313,2025-11-19,4568.99
365,2025-06-12,16281.13
385,2025-09-20,1438.64
83,2026-02-25,12958.17
415,2025-10-05,9218.95
430,2025-06-15,16250.13
445,2025-11-22,2853.7
416,2025-11-25,9806.28
192,2025-12-31,15515.35
304,2025-12-29,15109.5
30,2026-05-18,10991.76
365,2025-07-10,12527.29
25,2026-03-12,2603.54
224,2026-02-10,12715.63
49,2026-04-28,8965.84
308,2025-08-19,2055.18
149,2026-05-21,6029.33
217,2025-10-13,10012.84
319,2025-12-01,8619.82
371,2026-02-17,7708.45
65,2025-11-10,13560.6
143,2025-10-22,19555.02
102,2026-01-22,2590.85
415,2025-10-25,4379.97
9,2025-10-07,16613.47
281,2026-04-02,16160.61
406,2026-02-20,6308.66
227,2025-12-29,9582.35
21,2026-02-07,11959.23
167,2025-07-31,18775.55
25,2025-10-02,10477.37
156,2025-07-30,9722.29
467,2025-12-31,2856.05
269,2025-11-23,16440.94
346,2026-03-15,19739.58
136,2026-02-24,2621.23
16,2026-02-15,3126.69
89,2026-03-27,13053.89
238,2025-08-26,10976.35
469,2025-12-26,12951.32
217,2025-11-05,5225.63
27,2025-06-24,10632.9
405,2026-03-01,6780.91
78,2025-10-21,13852.4
97,2026-01-03,3877.61
116,2025-08-12,11583.5
405,2025-10-31,1995.13
205,2026-01-24,5766.09
126,2026-03-17,636.98
226,2025-12-27,1928.64
424,2025-07-18,7657.52
262,2026-02-25,2229.71
74,2026-04-25,9884.82
204,2025-12-23,14082.56
406,2025-07-31,12247.81
488,2025-11-30,8957.97
243,2025-09-24,4195.05
319,2026-03-18,2298.78
285,2026-04-29,15881.87
123,2025-09-30,1153.48
393,2025-07-25,9793.42
327,2026-01-27,9177.55
437,2026-01-11,12157.79
362,2026-03-22,18642.52
34,2025-07-08,4417.52
497,2025-10-17,2115.2
141,2026-03-09,4558.45
206,2026-01-25,11886.04
383,2025-10-27,18693.21
80,2025-09-18,1114.78
416,2026-05-03,8051.74
355,2025-10-28,5859.77
423,2026-05-28,5716.39
41,2025-10-20,18154.03
213,2026-02-25,8162.71
470,2026-04-26,2420.06
399,2025-09-20,6560.32
115,2026-05-28,3919.17
271,2025-10-22,16074.17
207,2025-10-06,14945.73
219,2026-02-27,15316.17
93,2025-12-07,11642.08
305,2025-06-14,19361.99
138,2025-08-17,18659.56
475,2026-01-15,8708.63
58,2025-10-05,19736.3
377,2026-05-27,12359.35
94,2025-06-30,17486.35
127,2025-10-02,7582.79
256,2026-05-22,8271.88
261,2025-08-02,16910.14
287,2026-03-28,13700.32
330,2026-01-09,7306.3
98,2026-05-02,10346.46
120,2025-12-08,11394.2
149,2025-11-14,17262.71
330,2026-04-04,8302.25
390,2026-05-13,17055.47
133,2025-12-25,16315.86
200,2025-12-06,16809.13
26,2026-01-17,619.83
25,2025-12-19,18512.75
254,2025-09-18,13252.26
408,2025-08-30,4197.55
200,2025-09-02,4300.98
349,2025-07-24,5351.06
104,2026-03-19,12154.94
45,2026-03-14,10343.55
495,2025-06-19,8411.74
142,2026-01-18,8283.86
247,2026-04-23,3508.82
307,2025-07-16,2105.8
493,2025-06-06,8878.07
251,2025-12-24,18998.17
269,2026-04-22,16610.51
400,2026-04-16,2023.99
80,2026-01-13,17112.72
103,2025-11-30,18474.18
110,2026-02-20,11527.79
293,2025-07-31,13681.87
461,2025-06-26,19392.93
103,2025-06-18,1485.25
40,2025-07-11,6039.04
176,2026-02-19,9552.92
301,2026-05-16,18166.3
296,2026-01-21,16518.08
486,2025-08-14,17466.94
300,2026-02-20,19372.88
426,2025-11-16,6338.95
471,2025-09-24,11882.22
391,2025-09-24,782.29
42,2026-03-25,2958.54
195,2025-09-16,7868.09
369,2026-01-21,7481.09
416,2026-05-10,17149.24
50,2026-01-27,7279.77
298,2025-08-10,9103.09
213,2025-08-16,3733.97
103,2026-04-12,8452.66
16,2025-08-14,1463.29
224,2025-10-30,10650.23
445,2026-05-06,5083.73
211,2025-08-20,15634.13
283,2025-08-24,15050.52
364,2026-03-27,19625.66
109,2026-04-23,7104.24
37,2026-03-26,11485.3
412,2025-10-07,13475.88
496,2025-11-10,18669.41
70,2026-04-03,14620.38
36,2026-02-06,19070.6
466,2025-07-12,13544.04
310,2025-10-11,18535.0
131,2025-07-16,2450.31
177,2026-04-14,7166.97
240,2026-01-17,1684.76
355,2026-02-10,7646.17
426,2025-12-14,12584.55
155,2025-10-04,10080.77
171,2026-04-24,15845.04
214,2025-08-28,19791.95
256,2025-08-14,17402.89
443,2025-05-31,2175.77
50,2025-09-25,15766.28
128,2026-01-15,13832.15
363,2025-07-01,6107.09
433,2025-08-02,13192.86
255,2026-03-30,4727.98
217,2026-03-29,2127.16
118,2025-06-29,19206.6
338,2025-07-10,6442.05
123,2025-11-14,4054.14
203,2026-04-28,16121.28
4,2025-10-09,3004.31
238,2026-02-26,6412.31
473,2025-12-06,7120.41
482,2025-09-16,16496.05
211,2025-07-17,9475.33
430,2025-10-02,15855.43
193,2026-01-18,7589.36
40,2025-10-26,11356.68
193,2025-06-08,13648.46
381,2025-10-04,17970.44
27,2025-09-08,13083.5
287,2025-09-15,13342.67
347,2026-02-11,7300.36
223,2026-03-28,6608.16
208,2025-06-17,2476.39
306,2025-08-30,18235.93
301,2025-12-14,4299.38
386,2026-02-13,15720.2
350,2026-02-19,4264.63
493,2025-06-10,11269.82
311,2025-08-16,18574.02
84,2026-03-28,13465.73
372,2025-08-13,17413.79
445,2026-04-15,14083.13
132,2025-12-25,19937.87
187,2026-04-13,16953.63
214,2025-09-21,4521.37
378,2026-02-21,15933.05
425,2025-11-14,2630.55
326,2025-07-19,16338.27
35,2025-11-22,14977.36
450,2025-09-24,6755.42
436,2025-12-19,11308.58
433,2026-04-09,7611.42
110,2025-11-25,6675.23
209,2025-09-23,1855.92
342,2026-01-17,13633.11
355,2026-03-27,11993.36
352,2025-07-03,1097.6
84,2026-02-25,2007.84
452,2025-06-24,2434.25
498,2025-08-01,4321.39
204,2025-11-01,15988.15
278,2026-02-26,10633.83
54,2025-10-23,6764.1
362,2025-12-09,15524.5
38,2026-05-06,5179.59
265,2025-09-29,18508.33
204,2025-12-17,16009.12
457,2026-03-09,8436.55
134,2025-08-16,3747.49
410,2025-12-16,19480.83
255,2025-07-15,15610.63
17,2025-11-22,3280.18
201,2025-10-27,2931.31
141,2025-09-18,1137.49
351,2026-05-24,12338.37
118,2026-05-21,9369.96
382,2025-09-04,12892.35
116,2025-08-16,13159.0
377,2025-09-13,16407.66
358,2025-07-06,9741.39
297,2025-06-13,11666.83
410,2025-07-25,4777.85
123,2025-07-03,5191.98
288,2026-01-08,8781.67
60,2025-06-05,14895.06
127,2025-10-05,1900.44
219,2026-03-23,15043.51
207,2025-12-02,7386.15
120,2025-09-05,11985.72
474,2025-06-08,6937.11
180,2025-07-02,3674.28
279,2025-11-28,970.21
99,2026-04-10,12798.53
236,2026-04-23,1519.68
46,2025-07-03,17467.98
106,2025-07-17,11705.82
193,2026-03-19,10136.17
337,2026-02-25,11979.51
488,2025-08-23,10297.1
100,2026-02-02,5390.15
395,2025-11-20,18895.11
449,2026-04-20,12941.86
73,2025-09-07,5559.57
5,2025-11-27,2169.9
41,2026-01-05,13814.44
394,2025-07-02,4545.18
320,2025-11-19,15156.01
170,2026-02-22,7644.47
45,2026-05-08,13049.34
264,2025-10-08,14942.88
437,2025-10-18,6455.76
29,2025-11-19,11189.99
87,2026-01-05,1212.82
96,2025-08-07,11414.48
146,2025-12-18,4868.42
174,2025-08-02,14616.76
118,2025-12-10,16134.83
368,2026-05-28,15355.27
331,2026-01-17,9103.46
467,2025-08-04,1787.05
166,2025-08-12,4644.93
229,2025-07-13,19030.17
63,2025-12-31,623.33
421,2025-10-11,5147.46
424,2026-02-26,18427.78
248,2025-08-25,1941.49
130,2025-07-07,9257.24
79,2026-05-08,4741.66
395,2026-01-14,18152.8
486,2025-07-13,8326.32
468,2026-03-22,17283.02
425,2025-10-07,17935.79
200,2025-10-17,10687.16
222,2026-04-10,8053.53
437,2025-10-25,9520.69
80,2026-02-27,13797.62
499,2026-01-16,14454.82
142,2025-10-25,19678.84
10,2026-03-01,1522.54
275,2026-04-12,19743.32
272,2025-09-01,19936.93
140,2026-03-13,19482.71
201,2025-10-06,6394.18
31,2025-10-19,3267.23
124,2025-06-26,8856.17
334,2025-09-10,7574.64
230,2026-03-11,16624.35
400,2026-03-22,10765.74
224,2026-05-04,11824.28
375,2026-05-10,5302.55
497,2025-09-19,8295.05
398,2026-04-09,2553.17
271,2026-02-01,9043.47
290,2026-02-17,4777.74
203,2025-07-27,2330.04
330,2026-03-25,4059.42
46,2025-10-14,16458.71
259,2025-10-06,11341.54
452,2026-03-17,9970.27
464,2025-12-23,14797.2
41,2025-08-28,9280.44
475,2025-12-25,14878.26
111,2026-01-18,2225.68
498,2026-03-13,9832.76
156,2025-08-14,16351.2
488,2026-03-15,10887.52
440,2025-06-27,13338.92
257,2025-06-29,7101.36
173,2025-06-30,4574.51
392,2025-12-15,2723.73
333,2026-05-12,13849.34
20,2025-05-29,14455.49
133,2025-07-29,11176.56
495,2025-11-19,9241.96
492,2026-03-30,1298.06
421,2025-07-29,17114.48
484,2026-02-06,5100.29
276,2026-04-14,3031.23
452,2025-05-28,19869.7
454,2026-05-20,2123.64
67,2025-07-16,567.65
309,2026-02-12,8884.31
196,2026-02-27,862.92
211,2026-02-23,6837.41
497,2025-08-20,5535.51
231,2025-11-12,10835.87
36,2026-04-30,15515.14
244,2025-06-11,12913.46
415,2026-02-08,8069.19
321,2025-09-02,8553.56
103,2025-09-20,17167.93
103,2025-08-26,12672.19
357,2026-05-19,4632.48
230,2026-03-25,12747.64
456,2025-12-24,5829.04
157,2026-02-24,7356.11
256,2026-04-18,10949.06
258,2026-02-10,14630.14
137,2026-01-05,14428.65
368,2025-06-22,15837.95
167,2025-09-09,665.01
422,2025-08-09,6601.44
458,2026-03-24,8529.05
172,2025-09-19,19262.89
496,2025-12-16,10492.36
272,2026-03-07,9620.67
285,2025-08-17,4616.3
123,2025-09-09,12883.88
246,2025-11-05,2217.96
374,2025-07-11,11368.11
356,2026-05-14,13345.01
163,2025-12-02,1604.65
280,2026-05-20,4531.27
483,2025-10-23,17928.8
176,2025-06-01,4860.45
474,2025-12-13,11759.13
24,2026-05-21,13783.63
300,2026-04-10,11703.73
257,2025-06-17,4762.25
470,2026-01-15,5120.02
472,2025-12-11,7461.37
480,2025-07-05,17208.94
86,2026-05-15,14462.23
365,2025-06-04,9129.42
320,2026-02-05,6441.26
6,2026-01-30,12443.06
374,2025-09-15,13835.6
14,2026-04-14,7329.81
270,2025-07-07,18590.97
447,2025-11-04,5167.54
150,2025-11-08,18292.95
79,2026-02-09,9198.87
464,2026-05-10,9138.47
126,2025-07-09,13768.89
334,2025-06-01,9163.38
440,2025-06-13,3901.28
264,2025-11-05,13352.11
151,2026-02-14,4669.84
398,2026-04-12,12322.02
367,2025-06-17,12650.58
354,2026-04-07,7311.06
142,2026-01-13,12581.3
145,2026-02-24,2552.74
99,2025-06-18,7125.51
453,2026-04-28,5653.39
453,2025-09-28,9011.43
40,2025-06-12,14078.26
245,2026-02-16,14936.85
101,2025-08-18,6079.68
210,2025-10-27,6330.3
281,2026-02-10,14855.28
446,2025-12-29,9826.12
365,2025-07-11,13075.75
323,2025-08-26,3198.65
46,2026-04-08,15330.57
16,2026-04-25,12436.7
358,2026-05-24,14387.84
3,2025-07-24,4901.3
433,2026-03-07,13745.76
337,2026-02-05,12601.63
478,2025-08-25,11024.04
499,2026-04-09,10549.54
397,2025-07-07,5718.69
93,2025-11-09,17682.86
246,2025-08-22,2428.75
392,2025-08-31,16010.2
460,2026-02-17,9180.96
378,2026-02-01,7121.81
432,2026-01-14,17150.22
47,2026-03-30,17557.83
242,2025-11-01,11224.92
11,2026-04-04,11977.66
236,2026-02-14,15917.04
91,2025-08-08,5357.24
20,2025-12-05,9651.29
195,2026-02-02,8675.69
235,2026-01-23,19473.28
65,2025-12-02,13344.93
290,2026-05-11,3479.93
2,2025-07-10,19647.63
140,2025-09-15,17148.56
476,2026-04-27,17916.88
413,2026-04-06,14227.18
487,2026-02-20,15585.9
287,2026-01-15,18290.6
429,2025-08-07,5025.2
354,2025-11-16,19972.06
443,2026-05-04,5996.64
87,2025-07-22,4248.66
106,2025-10-21,5605.07
221,2025-11-16,15821.26
118,2026-03-13,6429.27
138,2025-07-07,19719.74
156,2026-03-03,11076.66
257,2025-06-11,18398.72
16,2026-03-05,13918.63
453,2025-07-06,7454.43
109,2025-09-13,4759.21
306,2025-11-19,1428.8
117,2025-07-29,2970.7
43,2026-02-11,8554.81
85,2026-01-13,15697.32
374,2025-12-15,627.52
209,2025-11-11,19300.65
154,2025-10-22,2959.88
493,2026-01-20,11084.52
118,2026-01-26,18660.43
363,2025-06-26,5036.97
234,2025-09-24,19646.55
208,2025-09-05,10614.77
379,2026-01-08,16313.97
413,2026-03-14,17114.63
339,2025-10-21,9826.55
174,2025-08-16,7797.59
293,2025-07-19,915.08
175,2025-08-09,5617.8
479,2025-11-18,8651.95
344,2025-11-02,657.71
32,2026-02-25,13221.94
212,2026-01-04,4088.52
32,2025-05-31,7780.2
412,2026-05-17,9766.57
446,2026-05-05,7593.08
315,2025-09-16,13353.66
48,2026-03-27,10178.99
110,2026-03-09,823.24
469,2026-02-15,9757.12
487,2025-11-06,18675.63
229,2026-02-15,1525.3
77,2026-01-19,6832.83
235,2025-08-11,2682.73
5,2025-12-06,2345.92
143,2025-10-16,2890.35
84,2025-08-28,10656.12
434,2025-07-08,1543.99
366,2025-10-08,11056.6
410,2026-04-08,3224.4
453,2026-04-14,10134.2
37,2025-11-15,3971.47
456,2026-04-11,13836.01
176,2025-10-25,12624.61
74,2025-11-28,1597.13
86,2026-01-04,18593.57
276,2025-10-07,8929.32
91,2025-11-07,4855.06
151,2026-04-03,13066.01
431,2026-04-15,9771.94
98,2025-10-20,7231.49
457,2025-12-05,16381.87
362,2025-12-07,16899.46
473,2025-08-17,12341.11
194,2025-06-19,9216.88
209,2026-05-21,19497.39
368,2025-07-27,4205.35
391,2025-11-26,9451.87
222,2025-10-20,9918.96
204,2026-01-10,6382.35
343,2025-09-28,15946.05
138,2025-10-31,6812.9
151,2026-01-10,10765.71
498,2025-06-30,19761.48
219,2025-09-24,12627.4
447,2026-04-03,9443.72
355,2026-01-25,561.09
409,2025-07-12,10207.29
34,2025-07-12,4892.64
447,2025-09-06,9217.13
103,2025-08-20,10519.33
338,2026-03-29,14415.38
357,2025-08-16,7552.03
134,2025-06-07,4003.0
102,2026-02-20,19947.7
352,2026-04-22,1660.89
336,2026-02-17,6208.17
76,2025-12-13,1830.0
476,2025-07-04,8839.54
496,2025-08-06,6623.62
182,2026-05-26,17925.42
418,2025-10-18,15301.86
145,2026-05-12,6588.3
328,2025-10-07,1482.71
112,2025-10-07,17350.38
332,2026-02-28,8186.73
380,2025-07-04,1010.58
245,2025-10-24,16607.06
131,2025-10-14,16181.26
257,2026-04-10,14394.48
361,2026-03-24,4418.51
101,2025-07-02,19224.49
436,2025-07-01,11707.27
403,2025-09-25,16160.86
401,2025-07-31,19733.28
265,2026-03-01,2047.99
171,2025-07-14,13396.8
21,2026-01-01,2696.24
120,2025-06-17,7637.4
70,2026-02-11,15305.63
313,2025-12-06,14646.56
434,2025-07-05,2708.34
358,2025-07-19,4646.97
477,2026-01-14,2842.28
158,2025-06-05,15196.18
14,2025-11-25,986.09
404,2026-03-17,11057.24
354,2025-07-26,14001.29
232,2025-06-28,19847.54
2,2025-11-17,16211.99
124,2025-08-14,18540.39
394,2025-11-16,14256.49
350,2026-04-02,2921.55
7,2026-01-25,12711.57
182,2025-08-13,7025.51
212,2026-03-06,2291.73
398,2025-10-19,1313.96
417,2025-08-15,15262.14
56,2025-10-06,9978.11
487,2026-03-30,2761.11
196,2025-12-20,16217.86
264,2026-04-20,6683.99
334,2026-01-18,11683.63
405,2025-11-10,18224.61
255,2026-02-14,1240.21
344,2026-03-31,9242.28
9,2026-02-23,18364.07
165,2026-03-06,6042.58
1,2026-03-24,11208.71
445,2025-09-13,15356.65
299,2025-12-26,13733.8
50,2025-06-27,7830.05
500,2026-03-05,7711.82
366,2025-07-26,16426.37
141,2025-10-20,7802.15
301,2025-12-27,2531.02
473,2026-03-25,6385.04
236,2026-04-23,17670.57
473,2025-08-06,5223.1
247,2026-05-11,4736.26
253,2026-03-23,5609.92
91,2025-06-25,10318.28
307,2026-01-24,19700.52
328,2026-05-25,18872.66
172,2025-09-03,10193.2
118,2026-04-12,3220.03
38,2026-05-08,8912.86
148,2025-10-07,8601.69
54,2025-12-01,15170.97
453,2025-10-21,17040.64
365,2026-02-14,17340.25
21,2026-04-14,7774.88
226,2026-04-11,18750.59
322,2026-05-04,16673.84
260,2026-02-05,10939.9
253,2026-04-05,9696.6
145,2026-04-03,10406.66
133,2025-06-09,19056.51
230,2026-02-04,9502.56
259,2026-04-12,19578.88
194,2026-01-06,11715.9
87,2026-01-16,16479.15
474,2025-12-04,19913.33
269,2025-06-25,2254.75
80,2026-04-27,5980.03
182,2025-07-12,17791.03
325,2026-04-09,7100.49
281,2025-11-29,5206.89
416,2026-02-05,5957.87
391,2025-10-16,12607.89
482,2026-01-28,3577.64
385,2025-11-23,4461.3
163,2025-07-06,9136.49
47,2025-08-27,6807.25
96,2026-04-17,5677.89
457,2025-07-16,10638.18
222,2025-07-26,16675.86
371,2025-09-05,8363.31
95,2026-04-08,16372.85
135,2026-02-12,18011.7
128,2026-04-30,6449.5
105,2025-09-27,12678.89
343,2025-11-06,8799.07
172,2026-05-16,12058.89
325,2025-09-08,17594.41
21,2026-03-28,3724.12
327,2025-11-27,17247.22
405,2026-02-09,11563.4
393,2025-10-31,14540.17
235,2026-03-27,19981.77
374,2025-11-05,16102.81
110,2026-03-20,6261.2
463,2025-08-18,19438.54
466,2025-07-14,6445.17
365,2025-08-01,14627.83
425,2025-07-04,7042.45
197,2025-08-31,9122.15
226,2026-04-08,812.87
195,2026-01-19,11087.05
275,2025-12-23,13407.91
155,2025-07-24,18957.76
6,2025-08-25,18038.94
172,2026-02-26,3956.79
410,2025-06-11,12394.35
55,2025-09-06,13385.03
159,2025-08-22,9216.72
97,2026-01-03,9933.34
338,2026-01-25,7017.59
61,2025-08-11,9082.16
458,2026-05-27,3585.52
406,2026-01-17,18795.12
176,2026-01-28,3125.94
313,2026-05-23,3002.7
371,2026-01-10,5635.82
16,2026-04-02,618.47
271,2026-04-12,8768.35
365,2025-09-02,3715.49
215,2025-10-30,15718.89
376,2025-08-01,13407.29
335,2026-01-31,15954.92
213,2026-05-17,10272.76
355,2026-03-10,13272.55
483,2026-03-02,18534.7
201,2026-03-01,19969.13
402,2025-07-30,16215.23
464,2025-07-11,17037.85
494,2025-12-10,12293.1
422,2025-11-06,5883.32
392,2026-05-13,12737.22
181,2025-10-16,14645.0
295,2025-11-19,10801.99
309,2026-02-27,7041.87
58,2025-08-08,4600.46
61,2026-05-06,7284.65
466,2025-08-17,11261.17
151,2025-06-06,5843.81
151,2026-04-12,7485.75
237,2026-04-19,11894.02
279,2025-07-02,7073.52
197,2025-08-12,10387.71
349,2026-02-11,14908.93
468,2026-04-11,10017.05
447,2025-10-26,17966.54
461,2026-01-17,18746.07
303,2026-01-03,11810.52
356,2025-06-26,19127.21
316,2025-12-30,17833.72
371,2026-03-08,6465.35
296,2025-09-27,15451.98
28,2025-07-04,12444.56
296,2026-03-06,8297.63
58,2026-05-24,10562.93
330,2026-05-06,13882.66
390,2026-05-27,10274.82
469,2025-07-03,1107.38
30,2026-01-04,16466.3
334,2026-03-10,9794.71
115,2025-06-08,19591.48
214,2026-01-20,6159.03
124,2025-12-05,14098.86
279,2025-12-10,6278.29
292,2025-09-19,6455.44
402,2025-09-11,14124.96
107,2025-08-05,16838.6
31,2025-12-08,12644.59
470,2025-12-20,19994.06
306,2026-01-06,10252.07
49,2025-11-11,2555.79
438,2025-12-19,12856.72
420,2025-11-22,4517.7
378,2025-11-23,14728.69
209,2026-05-17,2999.86
304,2025-10-07,4158.81
359,2025-06-06,19069.41
184,2025-06-25,11682.9
40,2025-08-31,10168.22
36,2026-04-29,12633.89
195,2025-10-16,12477.28
496,2025-05-31,1376.71
454,2025-07-13,16722.43
107,2025-07-01,1687.71
17,2025-06-11,13488.75
76,2025-09-07,14141.41
125,2025-10-30,6331.82
273,2025-06-15,9889.94
215,2026-03-16,1861.02
172,2026-03-04,723.36
318,2025-09-12,2368.37
49,2025-12-20,6302.41
139,2026-02-18,13021.73
472,2026-05-13,1389.06
420,2025-09-25,10336.7
440,2026-04-26,18105.39
352,2025-07-23,14733.63
498,2026-02-05,15765.13
94,2025-12-23,11266.25
204,2025-12-27,1981.11
456,2025-05-28,4123.86
471,2025-11-28,3227.25
455,2025-11-16,12986.94
280,2025-11-20,16560.1
405,2026-04-12,4565.91
161,2026-05-19,12984.7
144,2025-10-27,4100.0
479,2026-03-09,4457.11
443,2025-06-22,15962.35
232,2025-07-17,10811.12
295,2026-05-03,13463.78
469,2025-06-13,12271.29
407,2026-02-27,13620.0
382,2025-10-25,12848.4
307,2026-02-26,13619.32
397,2026-01-30,11471.01
259,2026-03-22,12383.59
475,2025-10-05,16781.46
245,2026-05-15,8540.19
366,2025-10-01,15596.58
181,2025-07-01,3664.03
72,2026-02-12,16039.54
316,2025-10-03,2948.47
217,2025-06-02,8552.45
449,2025-10-15,17279.97
407,2025-12-27,16551.27
312,2026-01-31,16758.9
360,2026-01-26,19166.16
146,2025-10-21,17581.23
233,2025-11-04,7246.16
458,2025-06-20,14836.53
65,2025-08-12,542.01
392,2025-11-02,6328.48
163,2025-10-02,3332.21
382,2026-04-04,17850.72
169,2025-10-08,1597.0
391,2026-03-29,13956.76
188,2026-01-18,1014.7
146,2025-08-02,7812.78
490,2025-06-19,10939.28
65,2025-07-21,7960.49
127,2026-01-30,8591.26
326,2025-12-14,14672.45
492,2025-12-22,4276.88
371,2026-04-24,11300.65
342,2025-08-18,5968.77
241,2025-05-28,9131.99
169,2026-04-24,19272.84
2,2026-04-30,3992.67
62,2025-10-02,10401.93
9,2026-01-15,19201.8
179,2025-11-19,14822.11
356,2025-09-05,8617.46
74,2025-10-10,7633.55
396,2025-11-18,11772.88
282,2025-07-03,15606.31
267,2026-01-08,19926.4
60,2025-10-12,19492.07
68,2025-09-02,6029.31
218,2025-11-04,10810.94
273,2025-09-20,2925.69
93,2025-10-25,16980.7
127,2025-08-29,7488.49
223,2026-01-28,3750.14
400,2026-04-27,14312.83
493,2025-10-30,16143.38
174,2026-02-18,6870.2
355,2026-01-04,608.95
213,2025-06-01,7853.49
39,2026-02-01,4001.96
147,2026-04-04,2605.29
179,2026-05-24,9680.51
159,2025-06-15,19828.03
239,2026-02-15,1992.3
378,2026-01-22,11101.81
186,2026-05-09,16737.29
24,2025-08-08,18356.99
82,2025-06-19,17014.79
12,2025-06-23,10288.03
99,2025-07-13,6621.49
219,2026-02-13,10551.81
198,2026-04-14,3480.84
312,2025-09-16,2884.2
183,2025-07-25,8993.0
59,2025-10-07,8489.17
140,2026-02-17,6268.24
164,2025-06-28,623.83
55,2025-05-31,15217.94
177,2026-03-07,11310.09
175,2025-07-08,11051.04
209,2025-07-02,525.73
432,2025-08-12,9995.06
33,2026-05-10,11593.56
265,2026-04-21,19875.99
27,2025-12-26,18357.16
226,2026-03-22,10531.39
179,2025-11-28,13396.53
368,2025-06-01,14640.44
5,2025-08-14,15153.91
62,2026-03-16,6196.13
407,2025-11-18,18769.71
10,2025-08-15,6954.57
58,2026-02-11,19397.65
355,2025-12-26,6993.0
220,2025-08-30,9271.16
483,2025-06-10,16360.23
447,2025-11-21,7536.75
423,2025-12-08,4363.63
69,2026-03-20,5742.85
134,2025-10-30,11457.51
399,2025-11-16,17640.32
209,2025-06-08,1059.15
408,2026-04-29,9573.78
280,2025-06-13,1220.36
31,2025-06-27,10806.27
463,2026-02-14,18366.16
467,2026-01-28,5012.96
415,2025-10-29,12674.33
160,2026-02-05,8801.77
371,2025-10-23,12851.27
144,2025-11-30,6381.82
460,2026-04-18,7745.06
361,2026-01-03,12615.16
193,2025-07-28,7255.77
389,2025-12-05,16061.98
28,2026-05-09,4732.99
37,2026-03-29,10998.14
277,2026-01-25,1123.21
208,2026-04-21,1273.04
371,2026-03-10,6482.47
247,2025-06-02,13072.89
460,2025-08-20,15039.03
202,2026-02-06,2485.69
276,2025-09-20,5847.09
138,2025-08-25,15270.87
12,2025-10-19,19297.57
143,2025-08-12,10073.82
401,2025-12-01,8161.18
179,2026-01-11,13437.04
297,2026-04-14,19375.94
364,2025-10-05,678.69
335,2026-03-29,7924.5
237,2025-07-08,13813.29
493,2025-12-13,7513.2
268,2026-04-20,17449.66
290,2025-06-08,11483.08
127,2025-08-09,14063.85
180,2025-12-10,4709.76
419,2025-12-29,3119.67
22,2026-05-19,7518.4
114,2025-09-20,18432.44
180,2025-07-30,16725.83
497,2026-03-22,13584.33
483,2025-10-30,18873.68
230,2025-11-14,16400.33
10,2026-01-23,3582.8
375,2026-05-24,1451.55
71,2026-02-12,16984.63
77,2025-11-03,2260.45
98,2026-05-25,18042.24
9,2025-08-27,12481.74
486,2026-05-05,16457.29
131,2025-10-16,11998.99
249,2026-03-07,11605.54
42,2026-03-26,3739.25
310,2025-09-16,16194.13
150,2026-02-11,15452.39
322,2026-04-23,13212.94
349,2025-08-02,8993.56
345,2025-08-26,16365.54
402,2026-03-11,3600.92
464,2026-02-26,3505.48
121,2025-07-15,5627.77
246,2025-07-12,19592.59
487,2025-11-26,4695.33
499,2025-07-03,3869.43
145,2025-09-04,2252.48
387,2026-03-28,11280.43
419,2025-07-17,6425.28
202,2025-12-29,15775.27
215,2025-11-30,14275.34
26,2025-12-16,5410.01
279,2026-03-14,4363.41
166,2026-03-10,17754.87
481,2025-08-11,7961.81
165,2025-12-03,17229.46
229,2025-06-11,1661.13
206,2025-10-29,16231.56
173,2026-03-06,2266.45
448,2026-01-10,1946.89
458,2026-04-21,8459.76
1,2025-06-09,5108.06
405,2025-06-16,18182.77
143,2026-01-26,17151.3
256,2026-03-08,9274.25
34,2026-03-13,16133.64
348,2026-01-27,11270.79
235,2025-06-13,13690.82
293,2026-04-02,3329.31
38,2025-12-15,12138.58
307,2025-12-24,9539.87
455,2025-06-07,12779.06
259,2025-11-09,15373.53
396,2026-04-22,613.08
292,2025-08-13,6519.24
104,2025-08-10,16954.11
351,2025-06-10,14151.92
210,2026-01-22,6541.43
92,2025-09-01,7095.36
120,2025-12-24,11558.79
42,2026-04-24,10393.69
29,2025-10-29,3930.59
258,2025-07-25,18121.48
326,2025-10-09,680.72
272,2025-11-19,14360.78
195,2025-08-30,5923.75
307,2025-11-01,13451.0
235,2025-08-16,6286.99
142,2026-04-21,17881.21
65,2025-09-04,5350.14
382,2026-05-28,2854.25
371,2025-06-08,6749.12
297,2026-04-03,10404.6
383,2026-05-13,12383.05
359,2026-03-02,19285.0
101,2026-04-29,15159.6
362,2025-12-17,3432.48
257,2026-02-21,9001.63
467,2026-04-14,15870.07
395,2025-06-07,11517.26
272,2025-07-03,3284.47
492,2026-04-24,10024.59
315,2025-12-13,19572.46
318,2025-12-02,8408.78
303,2025-12-13,17008.43
356,2026-04-16,2615.62
355,2026-04-11,2851.27
233,2026-05-09,6940.25
164,2025-07-11,7282.34
286,2026-05-12,10312.65
331,2026-04-11,17507.27
174,2025-06-02,869.28
52,2026-04-16,4021.69
132,2025-07-10,1828.86
226,2025-08-13,18102.14
218,2025-06-28,1742.51
361,2025-10-06,13984.91
443,2025-07-05,13249.31
96,2025-12-30,11528.37
160,2026-02-12,12485.5
258,2025-10-30,12803.34
200,2025-06-02,929.6
162,2025-10-14,2859.66
350,2025-06-28,15393.27
8,2025-11-08,16784.91
105,2026-04-27,4542.53
345,2026-03-20,17558.69
208,2026-04-06,17918.92
237,2026-04-06,14404.24
448,2025-08-15,8054.27
305,2025-12-09,16895.37
147,2025-12-06,19418.42
39,2026-02-21,19335.21
346,2025-12-31,14164.3
380,2026-04-09,8659.34
11,2026-05-05,17986.25
26,2025-12-22,4539.12
493,2025-11-23,10829.61
1,2026-02-20,6217.46
156,2025-09-08,19205.59
126,2025-07-05,16238.24
476,2026-05-10,5534.68
309,2026-02-18,14301.3
128,2025-11-16,547.06
420,2025-12-26,17976.47
51,2026-03-14,954.4
366,2026-04-01,10204.26
218,2025-08-18,3169.23
214,2025-12-15,12184.76
331,2026-04-15,987.09
236,2025-12-20,6124.1
489,2025-07-08,14065.61
287,2026-05-14,4625.05
333,2026-01-26,13771.89
192,2025-10-19,8999.48
408,2026-04-16,18147.89
205,2026-03-31,13037.72
116,2025-09-23,6507.56
364,2025-07-01,11120.54
271,2025-07-22,5694.46
113,2025-09-27,19003.34
114,2025-08-09,733.81
348,2025-09-03,1725.35
452,2026-04-24,10572.12
47,2025-10-19,2708.24
350,2025-07-05,18744.14
257,2025-06-25,4531.59
90,2026-01-10,2878.83
290,2025-08-21,11038.89
3,2025-06-14,14068.75
142,2026-04-07,10622.63
393,2025-06-07,13575.39
365,2025-07-01,609.21
274,2026-02-12,6531.47
32,2026-04-22,5351.26
92,2025-11-28,19607.18
96,2025-10-31,12569.7
211,2026-03-16,8100.97
300,2026-04-03,13085.32
218,2026-05-24,3639.56
223,2025-11-12,2641.29
1,2026-05-04,8541.6
390,2025-09-10,10031.64
46,2026-02-24,3132.9
110,2026-02-02,9825.48
490,2025-08-06,4826.91
245,2025-08-29,6088.74
310,2025-09-20,10814.46
52,2026-01-24,18419.86
101,2025-08-30,10702.42
219,2025-08-01,5258.68
57,2025-07-13,8659.59
